open_ts_int,open_ts_str,open,high,low,close,volume,open0,close0,volume0,open1,close1,volume1,open2,close2,volume2,open3,close3,volume3,open4,close4,volume4,open5,close5,volume5,open6,close6,volume6,open7,close7,volume7,open8,close8,volume8,open9,close9,volume9,open10,close10,volume10,open11,close11,volume11,open12,close12,volume12,open13,close13,volume13,open14,close14,volume14
1673186400000,2023-01-08 14:00:00,1263.48,1266.34,1263.47,1266.33,4337.7338,1263.11,1264.07,5959.6114,1264.06,1260.99,12508.7761,1260.99,1261.99,7925.5407,1261.99,1261.58,5795.3591,1261.58,1262.84,4373.6493,1262.84,1262.34,1721.6027,1262.33,1263.7,1995.1295,1263.7,1264.31,3508.3758,1264.31,1263.64,2580.2548,1263.65,1263.28,3900.6534,1263.28,1263.29,7692.8745,1263.29,1263.16,4193.2699,1263.17,1261.67,4159.8631,1261.68,1262.07,3089.4802,1262.06,1263.47,2746.5076
1673182800000,2023-01-08 13:00:00,1262.06,1263.67,1262.06,1263.47,2746.5076,1264.47,1263.11,9384.0041,1263.11,1264.07,5959.6114,1264.06,1260.99,12508.7761,1260.99,1261.99,7925.5407,1261.99,1261.58,5795.3591,1261.58,1262.84,4373.6493,1262.84,1262.34,1721.6027,1262.33,1263.7,1995.1295,1263.7,1264.31,3508.3758,1264.31,1263.64,2580.2548,1263.65,1263.28,3900.6534,1263.28,1263.29,7692.8745,1263.29,1263.16,4193.2699,1263.17,1261.67,4159.8631,1261.68,1262.07,3089.4802
1673179200000,2023-01-08 12:00:00,1261.68,1262.35,1261.27,1262.07,3089.4802,1264.26,1264.47,11305.7696,1264.47,1263.11,9384.0041,1263.11,1264.07,5959.6114,1264.06,1260.99,12508.7761,1260.99,1261.99,7925.5407,1261.99,1261.58,5795.3591,1261.58,1262.84,4373.6493,1262.84,1262.34,1721.6027,1262.33,1263.7,1995.1295,1263.7,1264.31,3508.3758,1264.31,1263.64,2580.2548,1263.65,1263.28,3900.6534,1263.28,1263.29,7692.8745,1263.29,1263.16,4193.2699,1263.17,1261.67,4159.8631
1673175600000,2023-01-08 11:00:00,1263.17,1263.35,1261.65,1261.67,4159.8631,1265.39,1264.27,7048.3587,1264.26,1264.47,11305.7696,1264.47,1263.11,9384.0041,1263.11,1264.07,5959.6114,1264.06,1260.99,12508.7761,1260.99,1261.99,7925.5407,1261.99,1261.58,5795.3591,1261.58,1262.84,4373.6493,1262.84,1262.34,1721.6027,1262.33,1263.7,1995.1295,1263.7,1264.31,3508.3758,1264.31,1263.64,2580.2548,1263.65,1263.28,3900.6534,1263.28,1263.29,7692.8745,1263.29,1263.16,4193.2699
1673172000000,2023-01-08 10:00:00,1263.29,1264.28,1261.96,1263.16,4193.2699,1263.96,1265.38,4414.8333,1265.39,1264.27,7048.3587,1264.26,1264.47,11305.7696,1264.47,1263.11,9384.0041,1263.11,1264.07,5959.6114,1264.06,1260.99,12508.7761,1260.99,1261.99,7925.5407,1261.99,1261.58,5795.3591,1261.58,1262.84,4373.6493,1262.84,1262.34,1721.6027,1262.33,1263.7,1995.1295,1263.7,1264.31,3508.3758,1264.31,1263.64,2580.2548,1263.65,1263.28,3900.6534,1263.28,1263.29,7692.8745
1673168400000,2023-01-08 09:00:00,1263.28,1266.22,1262.35,1263.29,7692.8745,1262.41,1263.95,2401.207,1263.96,1265.38,4414.8333,1265.39,1264.27,7048.3587,1264.26,1264.47,11305.7696,1264.47,1263.11,9384.0041,1263.11,1264.07,5959.6114,1264.06,1260.99,12508.7761,1260.99,1261.99,7925.5407,1261.99,1261.58,5795.3591,1261.58,1262.84,4373.6493,1262.84,1262.34,1721.6027,1262.33,1263.7,1995.1295,1263.7,1264.31,3508.3758,1264.31,1263.64,2580.2548,1263.65,1263.28,3900.6534
1673164800000,2023-01-08 08:00:00,1263.65,1263.71,1262.3,1263.28,3900.6534,1262.49,1262.42,2217.0853,1262.41,1263.95,2401.207,1263.96,1265.38,4414.8333,1265.39,1264.27,7048.3587,1264.26,1264.47,11305.7696,1264.47,1263.11,9384.0041,1263.11,1264.07,5959.6114,1264.06,1260.99,12508.7761,1260.99,1261.99,7925.5407,1261.99,1261.58,5795.3591,1261.58,1262.84,4373.6493,1262.84,1262.34,1721.6027,1262.33,1263.7,1995.1295,1263.7,1264.31,3508.3758,1264.31,1263.64,2580.2548
1673161200000,2023-01-08 07:00:00,1264.31,1264.55,1262.44,1263.64,2580.2548,1265.07,1262.49,5604.5785,1262.49,1262.42,2217.0853,1262.41,1263.95,2401.207,1263.96,1265.38,4414.8333,1265.39,1264.27,7048.3587,1264.26,1264.47,11305.7696,1264.47,1263.11,9384.0041,1263.11,1264.07,5959.6114,1264.06,1260.99,12508.7761,1260.99,1261.99,7925.5407,1261.99,1261.58,5795.3591,1261.58,1262.84,4373.6493,1262.84,1262.34,1721.6027,1262.33,1263.7,1995.1295,1263.7,1264.31,3508.3758
1673157600000,2023-01-08 06:00:00,1263.7,1264.31,1262.7,1264.31,3508.3758,1265.34,1265.07,2538.3836,1265.07,1262.49,5604.5785,1262.49,1262.42,2217.0853,1262.41,1263.95,2401.207,1263.96,1265.38,4414.8333,1265.39,1264.27,7048.3587,1264.26,1264.47,11305.7696,1264.47,1263.11,9384.0041,1263.11,1264.07,5959.6114,1264.06,1260.99,12508.7761,1260.99,1261.99,7925.5407,1261.99,1261.58,5795.3591,1261.58,1262.84,4373.6493,1262.84,1262.34,1721.6027,1262.33,1263.7,1995.1295
1673154000000,2023-01-08 05:00:00,1262.33,1263.71,1262.3,1263.7,1995.1295,1262.91,1265.34,6223.1705,1265.34,1265.07,2538.3836,1265.07,1262.49,5604.5785,1262.49,1262.42,2217.0853,1262.41,1263.95,2401.207,1263.96,1265.38,4414.8333,1265.39,1264.27,7048.3587,1264.26,1264.47,11305.7696,1264.47,1263.11,9384.0041,1263.11,1264.07,5959.6114,1264.06,1260.99,12508.7761,1260.99,1261.99,7925.5407,1261.99,1261.58,5795.3591,1261.58,1262.84,4373.6493,1262.84,1262.34,1721.6027
1673150400000,2023-01-08 04:00:00,1262.84,1262.96,1262.2,1262.34,1721.6027,1263.57,1262.91,4271.523,1262.91,1265.34,6223.1705,1265.34,1265.07,2538.3836,1265.07,1262.49,5604.5785,1262.49,1262.42,2217.0853,1262.41,1263.95,2401.207,1263.96,1265.38,4414.8333,1265.39,1264.27,7048.3587,1264.26,1264.47,11305.7696,1264.47,1263.11,9384.0041,1263.11,1264.07,5959.6114,1264.06,1260.99,12508.7761,1260.99,1261.99,7925.5407,1261.99,1261.58,5795.3591,1261.58,1262.84,4373.6493
1673146800000,2023-01-08 03:00:00,1261.58,1262.84,1260.62,1262.84,4373.6493,1263.79,1263.56,7190.0703,1263.57,1262.91,4271.523,1262.91,1265.34,6223.1705,1265.34,1265.07,2538.3836,1265.07,1262.49,5604.5785,1262.49,1262.42,2217.0853,1262.41,1263.95,2401.207,1263.96,1265.38,4414.8333,1265.39,1264.27,7048.3587,1264.26,1264.47,11305.7696,1264.47,1263.11,9384.0041,1263.11,1264.07,5959.6114,1264.06,1260.99,12508.7761,1260.99,1261.99,7925.5407,1261.99,1261.58,5795.3591
1673143200000,2023-01-08 02:00:00,1261.99,1262.53,1259.4,1261.58,5795.3591,1264.24,1263.79,3047.7903,1263.79,1263.56,7190.0703,1263.57,1262.91,4271.523,1262.91,1265.34,6223.1705,1265.34,1265.07,2538.3836,1265.07,1262.49,5604.5785,1262.49,1262.42,2217.0853,1262.41,1263.95,2401.207,1263.96,1265.38,4414.8333,1265.39,1264.27,7048.3587,1264.26,1264.47,11305.7696,1264.47,1263.11,9384.0041,1263.11,1264.07,5959.6114,1264.06,1260.99,12508.7761,1260.99,1261.99,7925.5407
1673139600000,2023-01-08 01:00:00,1260.99,1262.0,1259.34,1261.99,7925.5407,1265.1,1264.25,2706.3158,1264.24,1263.79,3047.7903,1263.79,1263.56,7190.0703,1263.57,1262.91,4271.523,1262.91,1265.34,6223.1705,1265.34,1265.07,2538.3836,1265.07,1262.49,5604.5785,1262.49,1262.42,2217.0853,1262.41,1263.95,2401.207,1263.96,1265.38,4414.8333,1265.39,1264.27,7048.3587,1264.26,1264.47,11305.7696,1264.47,1263.11,9384.0041,1263.11,1264.07,5959.6114,1264.06,1260.99,12508.7761
1673136000000,2023-01-08 00:00:00,1264.06,1264.61,1257.77,1260.99,12508.7761,1264.68,1265.1,4898.7449,1265.1,1264.25,2706.3158,1264.24,1263.79,3047.7903,1263.79,1263.56,7190.0703,1263.57,1262.91,4271.523,1262.91,1265.34,6223.1705,1265.34,1265.07,2538.3836,1265.07,1262.49,5604.5785,1262.49,1262.42,2217.0853,1262.41,1263.95,2401.207,1263.96,1265.38,4414.8333,1265.39,1264.27,7048.3587,1264.26,1264.47,11305.7696,1264.47,1263.11,9384.0041,1263.11,1264.07,5959.6114
1673132400000,2023-01-07 23:00:00,1263.11,1264.28,1262.0,1264.07,5959.6114,1266.8,1264.68,10061.9731,1264.68,1265.1,4898.7449,1265.1,1264.25,2706.3158,1264.24,1263.79,3047.7903,1263.79,1263.56,7190.0703,1263.57,1262.91,4271.523,1262.91,1265.34,6223.1705,1265.34,1265.07,2538.3836,1265.07,1262.49,5604.5785,1262.49,1262.42,2217.0853,1262.41,1263.95,2401.207,1263.96,1265.38,4414.8333,1265.39,1264.27,7048.3587,1264.26,1264.47,11305.7696,1264.47,1263.11,9384.0041
1673128800000,2023-01-07 22:00:00,1264.47,1264.95,1261.87,1263.11,9384.0041,1264.83,1266.8,2871.9269,1266.8,1264.68,10061.9731,1264.68,1265.1,4898.7449,1265.1,1264.25,2706.3158,1264.24,1263.79,3047.7903,1263.79,1263.56,7190.0703,1263.57,1262.91,4271.523,1262.91,1265.34,6223.1705,1265.34,1265.07,2538.3836,1265.07,1262.49,5604.5785,1262.49,1262.42,2217.0853,1262.41,1263.95,2401.207,1263.96,1265.38,4414.8333,1265.39,1264.27,7048.3587,1264.26,1264.47,11305.7696
1673125200000,2023-01-07 21:00:00,1264.26,1266.61,1262.77,1264.47,11305.7696,1264.52,1264.83,6522.0494,1264.83,1266.8,2871.9269,1266.8,1264.68,10061.9731,1264.68,1265.1,4898.7449,1265.1,1264.25,2706.3158,1264.24,1263.79,3047.7903,1263.79,1263.56,7190.0703,1263.57,1262.91,4271.523,1262.91,1265.34,6223.1705,1265.34,1265.07,2538.3836,1265.07,1262.49,5604.5785,1262.49,1262.42,2217.0853,1262.41,1263.95,2401.207,1263.96,1265.38,4414.8333,1265.39,1264.27,7048.3587
1673121600000,2023-01-07 20:00:00,1265.39,1265.82,1262.83,1264.27,7048.3587,1264.51,1264.51,3608.8634,1264.52,1264.83,6522.0494,1264.83,1266.8,2871.9269,1266.8,1264.68,10061.9731,1264.68,1265.1,4898.7449,1265.1,1264.25,2706.3158,1264.24,1263.79,3047.7903,1263.79,1263.56,7190.0703,1263.57,1262.91,4271.523,1262.91,1265.34,6223.1705,1265.34,1265.07,2538.3836,1265.07,1262.49,5604.5785,1262.49,1262.42,2217.0853,1262.41,1263.95,2401.207,1263.96,1265.38,4414.8333
1673118000000,2023-01-07 19:00:00,1263.96,1266.0,1263.92,1265.38,4414.8333,1266.53,1264.51,6893.3394,1264.51,1264.51,3608.8634,1264.52,1264.83,6522.0494,1264.83,1266.8,2871.9269,1266.8,1264.68,10061.9731,1264.68,1265.1,4898.7449,1265.1,1264.25,2706.3158,1264.24,1263.79,3047.7903,1263.79,1263.56,7190.0703,1263.57,1262.91,4271.523,1262.91,1265.34,6223.1705,1265.34,1265.07,2538.3836,1265.07,1262.49,5604.5785,1262.49,1262.42,2217.0853,1262.41,1263.95,2401.207
1673114400000,2023-01-07 18:00:00,1262.41,1264.54,1262.41,1263.95,2401.207,1266.46,1266.54,3026.3217,1266.53,1264.51,6893.3394,1264.51,1264.51,3608.8634,1264.52,1264.83,6522.0494,1264.83,1266.8,2871.9269,1266.8,1264.68,10061.9731,1264.68,1265.1,4898.7449,1265.1,1264.25,2706.3158,1264.24,1263.79,3047.7903,1263.79,1263.56,7190.0703,1263.57,1262.91,4271.523,1262.91,1265.34,6223.1705,1265.34,1265.07,2538.3836,1265.07,1262.49,5604.5785,1262.49,1262.42,2217.0853
1673110800000,2023-01-07 17:00:00,1262.49,1263.41,1261.87,1262.42,2217.0853,1268.71,1266.45,3803.3587,1266.46,1266.54,3026.3217,1266.53,1264.51,6893.3394,1264.51,1264.51,3608.8634,1264.52,1264.83,6522.0494,1264.83,1266.8,2871.9269,1266.8,1264.68,10061.9731,1264.68,1265.1,4898.7449,1265.1,1264.25,2706.3158,1264.24,1263.79,3047.7903,1263.79,1263.56,7190.0703,1263.57,1262.91,4271.523,1262.91,1265.34,6223.1705,1265.34,1265.07,2538.3836,1265.07,1262.49,5604.5785
1673107200000,2023-01-07 16:00:00,1265.07,1265.08,1261.87,1262.49,5604.5785,1270.96,1268.71,5843.8509,1268.71,1266.45,3803.3587,1266.46,1266.54,3026.3217,1266.53,1264.51,6893.3394,1264.51,1264.51,3608.8634,1264.52,1264.83,6522.0494,1264.83,1266.8,2871.9269,1266.8,1264.68,10061.9731,1264.68,1265.1,4898.7449,1265.1,1264.25,2706.3158,1264.24,1263.79,3047.7903,1263.79,1263.56,7190.0703,1263.57,1262.91,4271.523,1262.91,1265.34,6223.1705,1265.34,1265.07,2538.3836
1673103600000,2023-01-07 15:00:00,1265.34,1265.54,1264.0,1265.07,2538.3836,1269.13,1270.95,7631.1586,1270.96,1268.71,5843.8509,1268.71,1266.45,3803.3587,1266.46,1266.54,3026.3217,1266.53,1264.51,6893.3394,1264.51,1264.51,3608.8634,1264.52,1264.83,6522.0494,1264.83,1266.8,2871.9269,1266.8,1264.68,10061.9731,1264.68,1265.1,4898.7449,1265.1,1264.25,2706.3158,1264.24,1263.79,3047.7903,1263.79,1263.56,7190.0703,1263.57,1262.91,4271.523,1262.91,1265.34,6223.1705
1673100000000,2023-01-07 14:00:00,1262.91,1265.76,1261.55,1265.34,6223.1705,1269.68,1269.14,7210.2731,1269.13,1270.95,7631.1586,1270.96,1268.71,5843.8509,1268.71,1266.45,3803.3587,1266.46,1266.54,3026.3217,1266.53,1264.51,6893.3394,1264.51,1264.51,3608.8634,1264.52,1264.83,6522.0494,1264.83,1266.8,2871.9269,1266.8,1264.68,10061.9731,1264.68,1265.1,4898.7449,1265.1,1264.25,2706.3158,1264.24,1263.79,3047.7903,1263.79,1263.56,7190.0703,1263.57,1262.91,4271.523
1673096400000,2023-01-07 13:00:00,1263.57,1265.24,1262.25,1262.91,4271.523,1266.28,1269.68,7460.1048,1269.68,1269.14,7210.2731,1269.13,1270.95,7631.1586,1270.96,1268.71,5843.8509,1268.71,1266.45,3803.3587,1266.46,1266.54,3026.3217,1266.53,1264.51,6893.3394,1264.51,1264.51,3608.8634,1264.52,1264.83,6522.0494,1264.83,1266.8,2871.9269,1266.8,1264.68,10061.9731,1264.68,1265.1,4898.7449,1265.1,1264.25,2706.3158,1264.24,1263.79,3047.7903,1263.79,1263.56,7190.0703
1673092800000,2023-01-07 12:00:00,1263.79,1263.8,1261.3,1263.56,7190.0703,1265.89,1266.27,6309.229,1266.28,1269.68,7460.1048,1269.68,1269.14,7210.2731,1269.13,1270.95,7631.1586,1270.96,1268.71,5843.8509,1268.71,1266.45,3803.3587,1266.46,1266.54,3026.3217,1266.53,1264.51,6893.3394,1264.51,1264.51,3608.8634,1264.52,1264.83,6522.0494,1264.83,1266.8,2871.9269,1266.8,1264.68,10061.9731,1264.68,1265.1,4898.7449,1265.1,1264.25,2706.3158,1264.24,1263.79,3047.7903
1673089200000,2023-01-07 11:00:00,1264.24,1264.25,1262.89,1263.79,3047.7903,1273.12,1265.88,15842.8178,1265.89,1266.27,6309.229,1266.28,1269.68,7460.1048,1269.68,1269.14,7210.2731,1269.13,1270.95,7631.1586,1270.96,1268.71,5843.8509,1268.71,1266.45,3803.3587,1266.46,1266.54,3026.3217,1266.53,1264.51,6893.3394,1264.51,1264.51,3608.8634,1264.52,1264.83,6522.0494,1264.83,1266.8,2871.9269,1266.8,1264.68,10061.9731,1264.68,1265.1,4898.7449,1265.1,1264.25,2706.3158
1673085600000,2023-01-07 10:00:00,1265.1,1265.53,1264.11,1264.25,2706.3158,1266.74,1273.13,25037.1311,1273.12,1265.88,15842.8178,1265.89,1266.27,6309.229,1266.28,1269.68,7460.1048,1269.68,1269.14,7210.2731,1269.13,1270.95,7631.1586,1270.96,1268.71,5843.8509,1268.71,1266.45,3803.3587,1266.46,1266.54,3026.3217,1266.53,1264.51,6893.3394,1264.51,1264.51,3608.8634,1264.52,1264.83,6522.0494,1264.83,1266.8,2871.9269,1266.8,1264.68,10061.9731,1264.68,1265.1,4898.7449
1673082000000,2023-01-07 09:00:00,1264.68,1266.0,1263.88,1265.1,4898.7449,1263.56,1266.74,10602.5274,1266.74,1273.13,25037.1311,1273.12,1265.88,15842.8178,1265.89,1266.27,6309.229,1266.28,1269.68,7460.1048,1269.68,1269.14,7210.2731,1269.13,1270.95,7631.1586,1270.96,1268.71,5843.8509,1268.71,1266.45,3803.3587,1266.46,1266.54,3026.3217,1266.53,1264.51,6893.3394,1264.51,1264.51,3608.8634,1264.52,1264.83,6522.0494,1264.83,1266.8,2871.9269,1266.8,1264.68,10061.9731
1673078400000,2023-01-07 08:00:00,1266.8,1267.11,1264.15,1264.68,10061.9731,1264.19,1263.57,14210.4537,1263.56,1266.74,10602.5274,1266.74,1273.13,25037.1311,1273.12,1265.88,15842.8178,1265.89,1266.27,6309.229,1266.28,1269.68,7460.1048,1269.68,1269.14,7210.2731,1269.13,1270.95,7631.1586,1270.96,1268.71,5843.8509,1268.71,1266.45,3803.3587,1266.46,1266.54,3026.3217,1266.53,1264.51,6893.3394,1264.51,1264.51,3608.8634,1264.52,1264.83,6522.0494,1264.83,1266.8,2871.9269
1673074800000,2023-01-07 07:00:00,1264.83,1267.0,1264.69,1266.8,2871.9269,1263.01,1264.19,24825.8355,1264.19,1263.57,14210.4537,1263.56,1266.74,10602.5274,1266.74,1273.13,25037.1311,1273.12,1265.88,15842.8178,1265.89,1266.27,6309.229,1266.28,1269.68,7460.1048,1269.68,1269.14,7210.2731,1269.13,1270.95,7631.1586,1270.96,1268.71,5843.8509,1268.71,1266.45,3803.3587,1266.46,1266.54,3026.3217,1266.53,1264.51,6893.3394,1264.51,1264.51,3608.8634,1264.52,1264.83,6522.0494
1673071200000,2023-01-07 06:00:00,1264.52,1264.84,1262.24,1264.83,6522.0494,1248.34,1263.01,37256.7887,1263.01,1264.19,24825.8355,1264.19,1263.57,14210.4537,1263.56,1266.74,10602.5274,1266.74,1273.13,25037.1311,1273.12,1265.88,15842.8178,1265.89,1266.27,6309.229,1266.28,1269.68,7460.1048,1269.68,1269.14,7210.2731,1269.13,1270.95,7631.1586,1270.96,1268.71,5843.8509,1268.71,1266.45,3803.3587,1266.46,1266.54,3026.3217,1266.53,1264.51,6893.3394,1264.51,1264.51,3608.8634
1673067600000,2023-01-07 05:00:00,1264.51,1264.65,1263.6,1264.51,3608.8634,1250.42,1248.33,16624.0297,1248.34,1263.01,37256.7887,1263.01,1264.19,24825.8355,1264.19,1263.57,14210.4537,1263.56,1266.74,10602.5274,1266.74,1273.13,25037.1311,1273.12,1265.88,15842.8178,1265.89,1266.27,6309.229,1266.28,1269.68,7460.1048,1269.68,1269.14,7210.2731,1269.13,1270.95,7631.1586,1270.96,1268.71,5843.8509,1268.71,1266.45,3803.3587,1266.46,1266.54,3026.3217,1266.53,1264.51,6893.3394
1673064000000,2023-01-07 04:00:00,1266.53,1266.54,1263.95,1264.51,6893.3394,1243.89,1250.42,54064.2014,1250.42,1248.33,16624.0297,1248.34,1263.01,37256.7887,1263.01,1264.19,24825.8355,1264.19,1263.57,14210.4537,1263.56,1266.74,10602.5274,1266.74,1273.13,25037.1311,1273.12,1265.88,15842.8178,1265.89,1266.27,6309.229,1266.28,1269.68,7460.1048,1269.68,1269.14,7210.2731,1269.13,1270.95,7631.1586,1270.96,1268.71,5843.8509,1268.71,1266.45,3803.3587,1266.46,1266.54,3026.3217
1673060400000,2023-01-07 03:00:00,1266.46,1267.02,1265.22,1266.54,3026.3217,1243.4,1243.9,7219.3673,1243.89,1250.42,54064.2014,1250.42,1248.33,16624.0297,1248.34,1263.01,37256.7887,1263.01,1264.19,24825.8355,1264.19,1263.57,14210.4537,1263.56,1266.74,10602.5274,1266.74,1273.13,25037.1311,1273.12,1265.88,15842.8178,1265.89,1266.27,6309.229,1266.28,1269.68,7460.1048,1269.68,1269.14,7210.2731,1269.13,1270.95,7631.1586,1270.96,1268.71,5843.8509,1268.71,1266.45,3803.3587
1673056800000,2023-01-07 02:00:00,1268.71,1268.97,1266.03,1266.45,3803.3587,1245.38,1243.4,21924.316,1243.4,1243.9,7219.3673,1243.89,1250.42,54064.2014,1250.42,1248.33,16624.0297,1248.34,1263.01,37256.7887,1263.01,1264.19,24825.8355,1264.19,1263.57,14210.4537,1263.56,1266.74,10602.5274,1266.74,1273.13,25037.1311,1273.12,1265.88,15842.8178,1265.89,1266.27,6309.229,1266.28,1269.68,7460.1048,1269.68,1269.14,7210.2731,1269.13,1270.95,7631.1586,1270.96,1268.71,5843.8509
1673053200000,2023-01-07 01:00:00,1270.96,1271.09,1268.51,1268.71,5843.8509,1248.29,1245.38,6337.553,1245.38,1243.4,21924.316,1243.4,1243.9,7219.3673,1243.89,1250.42,54064.2014,1250.42,1248.33,16624.0297,1248.34,1263.01,37256.7887,1263.01,1264.19,24825.8355,1264.19,1263.57,14210.4537,1263.56,1266.74,10602.5274,1266.74,1273.13,25037.1311,1273.12,1265.88,15842.8178,1265.89,1266.27,6309.229,1266.28,1269.68,7460.1048,1269.68,1269.14,7210.2731,1269.13,1270.95,7631.1586
1673049600000,2023-01-07 00:00:00,1269.13,1270.96,1266.34,1270.95,7631.1586,1249.39,1248.3,8715.9975,1248.29,1245.38,6337.553,1245.38,1243.4,21924.316,1243.4,1243.9,7219.3673,1243.89,1250.42,54064.2014,1250.42,1248.33,16624.0297,1248.34,1263.01,37256.7887,1263.01,1264.19,24825.8355,1264.19,1263.57,14210.4537,1263.56,1266.74,10602.5274,1266.74,1273.13,25037.1311,1273.12,1265.88,15842.8178,1265.89,1266.27,6309.229,1266.28,1269.68,7460.1048,1269.68,1269.14,7210.2731
1673046000000,2023-01-06 23:00:00,1269.68,1271.92,1268.09,1269.14,7210.2731,1247.69,1249.39,6051.5163,1249.39,1248.3,8715.9975,1248.29,1245.38,6337.553,1245.38,1243.4,21924.316,1243.4,1243.9,7219.3673,1243.89,1250.42,54064.2014,1250.42,1248.33,16624.0297,1248.34,1263.01,37256.7887,1263.01,1264.19,24825.8355,1264.19,1263.57,14210.4537,1263.56,1266.74,10602.5274,1266.74,1273.13,25037.1311,1273.12,1265.88,15842.8178,1265.89,1266.27,6309.229,1266.28,1269.68,7460.1048
1673042400000,2023-01-06 22:00:00,1266.28,1270.64,1265.97,1269.68,7460.1048,1247.79,1247.7,8311.0209,1247.69,1249.39,6051.5163,1249.39,1248.3,8715.9975,1248.29,1245.38,6337.553,1245.38,1243.4,21924.316,1243.4,1243.9,7219.3673,1243.89,1250.42,54064.2014,1250.42,1248.33,16624.0297,1248.34,1263.01,37256.7887,1263.01,1264.19,24825.8355,1264.19,1263.57,14210.4537,1263.56,1266.74,10602.5274,1266.74,1273.13,25037.1311,1273.12,1265.88,15842.8178,1265.89,1266.27,6309.229
1673038800000,2023-01-06 21:00:00,1265.89,1268.03,1265.17,1266.27,6309.229,1249.4,1247.78,9121.6935,1247.79,1247.7,8311.0209,1247.69,1249.39,6051.5163,1249.39,1248.3,8715.9975,1248.29,1245.38,6337.553,1245.38,1243.4,21924.316,1243.4,1243.9,7219.3673,1243.89,1250.42,54064.2014,1250.42,1248.33,16624.0297,1248.34,1263.01,37256.7887,1263.01,1264.19,24825.8355,1264.19,1263.57,14210.4537,1263.56,1266.74,10602.5274,1266.74,1273.13,25037.1311,1273.12,1265.88,15842.8178
1673035200000,2023-01-06 20:00:00,1273.12,1276.36,1265.68,1265.88,15842.8178,1251.09,1249.41,9347.0388,1249.4,1247.78,9121.6935,1247.79,1247.7,8311.0209,1247.69,1249.39,6051.5163,1249.39,1248.3,8715.9975,1248.29,1245.38,6337.553,1245.38,1243.4,21924.316,1243.4,1243.9,7219.3673,1243.89,1250.42,54064.2014,1250.42,1248.33,16624.0297,1248.34,1263.01,37256.7887,1263.01,1264.19,24825.8355,1264.19,1263.57,14210.4537,1263.56,1266.74,10602.5274,1266.74,1273.13,25037.1311
1673031600000,2023-01-06 19:00:00,1266.74,1276.7,1265.16,1273.13,25037.1311,1251.01,1251.09,9737.6815,1251.09,1249.41,9347.0388,1249.4,1247.78,9121.6935,1247.79,1247.7,8311.0209,1247.69,1249.39,6051.5163,1249.39,1248.3,8715.9975,1248.29,1245.38,6337.553,1245.38,1243.4,21924.316,1243.4,1243.9,7219.3673,1243.89,1250.42,54064.2014,1250.42,1248.33,16624.0297,1248.34,1263.01,37256.7887,1263.01,1264.19,24825.8355,1264.19,1263.57,14210.4537,1263.56,1266.74,10602.5274
1673028000000,2023-01-06 18:00:00,1263.56,1269.92,1263.56,1266.74,10602.5274,1251.98,1251.02,7604.6499,1251.01,1251.09,9737.6815,1251.09,1249.41,9347.0388,1249.4,1247.78,9121.6935,1247.79,1247.7,8311.0209,1247.69,1249.39,6051.5163,1249.39,1248.3,8715.9975,1248.29,1245.38,6337.553,1245.38,1243.4,21924.316,1243.4,1243.9,7219.3673,1243.89,1250.42,54064.2014,1250.42,1248.33,16624.0297,1248.34,1263.01,37256.7887,1263.01,1264.19,24825.8355,1264.19,1263.57,14210.4537
1673024400000,2023-01-06 17:00:00,1264.19,1269.59,1262.07,1263.57,14210.4537,1251.35,1251.98,10812.1181,1251.98,1251.02,7604.6499,1251.01,1251.09,9737.6815,1251.09,1249.41,9347.0388,1249.4,1247.78,9121.6935,1247.79,1247.7,8311.0209,1247.69,1249.39,6051.5163,1249.39,1248.3,8715.9975,1248.29,1245.38,6337.553,1245.38,1243.4,21924.316,1243.4,1243.9,7219.3673,1243.89,1250.42,54064.2014,1250.42,1248.33,16624.0297,1248.34,1263.01,37256.7887,1263.01,1264.19,24825.8355
1673020800000,2023-01-06 16:00:00,1263.01,1268.51,1260.22,1264.19,24825.8355,1255.67,1251.36,5595.3704,1251.35,1251.98,10812.1181,1251.98,1251.02,7604.6499,1251.01,1251.09,9737.6815,1251.09,1249.41,9347.0388,1249.4,1247.78,9121.6935,1247.79,1247.7,8311.0209,1247.69,1249.39,6051.5163,1249.39,1248.3,8715.9975,1248.29,1245.38,6337.553,1245.38,1243.4,21924.316,1243.4,1243.9,7219.3673,1243.89,1250.42,54064.2014,1250.42,1248.33,16624.0297,1248.34,1263.01,37256.7887
1673017200000,2023-01-06 15:00:00,1248.34,1265.0,1248.33,1263.01,37256.7887,1251.25,1255.67,12122.4869,1255.67,1251.36,5595.3704,1251.35,1251.98,10812.1181,1251.98,1251.02,7604.6499,1251.01,1251.09,9737.6815,1251.09,1249.41,9347.0388,1249.4,1247.78,9121.6935,1247.79,1247.7,8311.0209,1247.69,1249.39,6051.5163,1249.39,1248.3,8715.9975,1248.29,1245.38,6337.553,1245.38,1243.4,21924.316,1243.4,1243.9,7219.3673,1243.89,1250.42,54064.2014,1250.42,1248.33,16624.0297
1673013600000,2023-01-06 14:00:00,1250.42,1252.88,1245.62,1248.33,16624.0297,1250.76,1251.24,18450.8497,1251.25,1255.67,12122.4869,1255.67,1251.36,5595.3704,1251.35,1251.98,10812.1181,1251.98,1251.02,7604.6499,1251.01,1251.09,9737.6815,1251.09,1249.41,9347.0388,1249.4,1247.78,9121.6935,1247.79,1247.7,8311.0209,1247.69,1249.39,6051.5163,1249.39,1248.3,8715.9975,1248.29,1245.38,6337.553,1245.38,1243.4,21924.316,1243.4,1243.9,7219.3673,1243.89,1250.42,54064.2014
1673010000000,2023-01-06 13:00:00,1243.89,1253.8,1236.0,1250.42,54064.2014,1252.49,1250.75,4026.4652,1250.76,1251.24,18450.8497,1251.25,1255.67,12122.4869,1255.67,1251.36,5595.3704,1251.35,1251.98,10812.1181,1251.98,1251.02,7604.6499,1251.01,1251.09,9737.6815,1251.09,1249.41,9347.0388,1249.4,1247.78,9121.6935,1247.79,1247.7,8311.0209,1247.69,1249.39,6051.5163,1249.39,1248.3,8715.9975,1248.29,1245.38,6337.553,1245.38,1243.4,21924.316,1243.4,1243.9,7219.3673
1673006400000,2023-01-06 12:00:00,1243.4,1244.88,1241.42,1243.9,7219.3673,1253.73,1252.49,8659.817,1252.49,1250.75,4026.4652,1250.76,1251.24,18450.8497,1251.25,1255.67,12122.4869,1255.67,1251.36,5595.3704,1251.35,1251.98,10812.1181,1251.98,1251.02,7604.6499,1251.01,1251.09,9737.6815,1251.09,1249.41,9347.0388,1249.4,1247.78,9121.6935,1247.79,1247.7,8311.0209,1247.69,1249.39,6051.5163,1249.39,1248.3,8715.9975,1248.29,1245.38,6337.553,1245.38,1243.4,21924.316
1673002800000,2023-01-06 11:00:00,1245.38,1246.61,1237.98,1243.4,21924.316,1253.62,1253.73,4524.5996,1253.73,1252.49,8659.817,1252.49,1250.75,4026.4652,1250.76,1251.24,18450.8497,1251.25,1255.67,12122.4869,1255.67,1251.36,5595.3704,1251.35,1251.98,10812.1181,1251.98,1251.02,7604.6499,1251.01,1251.09,9737.6815,1251.09,1249.41,9347.0388,1249.4,1247.78,9121.6935,1247.79,1247.7,8311.0209,1247.69,1249.39,6051.5163,1249.39,1248.3,8715.9975,1248.29,1245.38,6337.553
1672999200000,2023-01-06 10:00:00,1248.29,1248.56,1244.73,1245.38,6337.553,1251.33,1253.62,7047.9793,1253.62,1253.73,4524.5996,1253.73,1252.49,8659.817,1252.49,1250.75,4026.4652,1250.76,1251.24,18450.8497,1251.25,1255.67,12122.4869,1255.67,1251.36,5595.3704,1251.35,1251.98,10812.1181,1251.98,1251.02,7604.6499,1251.01,1251.09,9737.6815,1251.09,1249.41,9347.0388,1249.4,1247.78,9121.6935,1247.79,1247.7,8311.0209,1247.69,1249.39,6051.5163,1249.39,1248.3,8715.9975
1672995600000,2023-01-06 09:00:00,1249.39,1249.4,1246.19,1248.3,8715.9975,1247.34,1251.32,8245.1738,1251.33,1253.62,7047.9793,1253.62,1253.73,4524.5996,1253.73,1252.49,8659.817,1252.49,1250.75,4026.4652,1250.76,1251.24,18450.8497,1251.25,1255.67,12122.4869,1255.67,1251.36,5595.3704,1251.35,1251.98,10812.1181,1251.98,1251.02,7604.6499,1251.01,1251.09,9737.6815,1251.09,1249.41,9347.0388,1249.4,1247.78,9121.6935,1247.79,1247.7,8311.0209,1247.69,1249.39,6051.5163
1672992000000,2023-01-06 08:00:00,1247.69,1250.0,1247.46,1249.39,6051.5163,1248.65,1247.34,4068.7384,1247.34,1251.32,8245.1738,1251.33,1253.62,7047.9793,1253.62,1253.73,4524.5996,1253.73,1252.49,8659.817,1252.49,1250.75,4026.4652,1250.76,1251.24,18450.8497,1251.25,1255.67,12122.4869,1255.67,1251.36,5595.3704,1251.35,1251.98,10812.1181,1251.98,1251.02,7604.6499,1251.01,1251.09,9737.6815,1251.09,1249.41,9347.0388,1249.4,1247.78,9121.6935,1247.79,1247.7,8311.0209
1672988400000,2023-01-06 07:00:00,1247.79,1248.32,1246.25,1247.7,8311.0209,1249.11,1248.64,8252.0556,1248.65,1247.34,4068.7384,1247.34,1251.32,8245.1738,1251.33,1253.62,7047.9793,1253.62,1253.73,4524.5996,1253.73,1252.49,8659.817,1252.49,1250.75,4026.4652,1250.76,1251.24,18450.8497,1251.25,1255.67,12122.4869,1255.67,1251.36,5595.3704,1251.35,1251.98,10812.1181,1251.98,1251.02,7604.6499,1251.01,1251.09,9737.6815,1251.09,1249.41,9347.0388,1249.4,1247.78,9121.6935
1672984800000,2023-01-06 06:00:00,1249.4,1249.41,1246.0,1247.78,9121.6935,1248.21,1249.11,17137.5011,1249.11,1248.64,8252.0556,1248.65,1247.34,4068.7384,1247.34,1251.32,8245.1738,1251.33,1253.62,7047.9793,1253.62,1253.73,4524.5996,1253.73,1252.49,8659.817,1252.49,1250.75,4026.4652,1250.76,1251.24,18450.8497,1251.25,1255.67,12122.4869,1255.67,1251.36,5595.3704,1251.35,1251.98,10812.1181,1251.98,1251.02,7604.6499,1251.01,1251.09,9737.6815,1251.09,1249.41,9347.0388
1672981200000,2023-01-06 05:00:00,1251.09,1251.1,1247.01,1249.41,9347.0388,1247.5,1248.21,28596.3672,1248.21,1249.11,17137.5011,1249.11,1248.64,8252.0556,1248.65,1247.34,4068.7384,1247.34,1251.32,8245.1738,1251.33,1253.62,7047.9793,1253.62,1253.73,4524.5996,1253.73,1252.49,8659.817,1252.49,1250.75,4026.4652,1250.76,1251.24,18450.8497,1251.25,1255.67,12122.4869,1255.67,1251.36,5595.3704,1251.35,1251.98,10812.1181,1251.98,1251.02,7604.6499,1251.01,1251.09,9737.6815
1672977600000,2023-01-06 04:00:00,1251.01,1252.3,1248.7,1251.09,9737.6815,1252.91,1247.5,20901.5401,1247.5,1248.21,28596.3672,1248.21,1249.11,17137.5011,1249.11,1248.64,8252.0556,1248.65,1247.34,4068.7384,1247.34,1251.32,8245.1738,1251.33,1253.62,7047.9793,1253.62,1253.73,4524.5996,1253.73,1252.49,8659.817,1252.49,1250.75,4026.4652,1250.76,1251.24,18450.8497,1251.25,1255.67,12122.4869,1255.67,1251.36,5595.3704,1251.35,1251.98,10812.1181,1251.98,1251.02,7604.6499
1672974000000,2023-01-06 03:00:00,1251.98,1253.32,1250.73,1251.02,7604.6499,1255.9,1252.92,7709.4351,1252.91,1247.5,20901.5401,1247.5,1248.21,28596.3672,1248.21,1249.11,17137.5011,1249.11,1248.64,8252.0556,1248.65,1247.34,4068.7384,1247.34,1251.32,8245.1738,1251.33,1253.62,7047.9793,1253.62,1253.73,4524.5996,1253.73,1252.49,8659.817,1252.49,1250.75,4026.4652,1250.76,1251.24,18450.8497,1251.25,1255.67,12122.4869,1255.67,1251.36,5595.3704,1251.35,1251.98,10812.1181
1672970400000,2023-01-06 02:00:00,1251.35,1252.1,1248.17,1251.98,10812.1181,1251.51,1255.91,24329.483,1255.9,1252.92,7709.4351,1252.91,1247.5,20901.5401,1247.5,1248.21,28596.3672,1248.21,1249.11,17137.5011,1249.11,1248.64,8252.0556,1248.65,1247.34,4068.7384,1247.34,1251.32,8245.1738,1251.33,1253.62,7047.9793,1253.62,1253.73,4524.5996,1253.73,1252.49,8659.817,1252.49,1250.75,4026.4652,1250.76,1251.24,18450.8497,1251.25,1255.67,12122.4869,1255.67,1251.36,5595.3704
1672966800000,2023-01-06 01:00:00,1255.67,1255.79,1251.29,1251.36,5595.3704,1248.7,1251.51,7840.4538,1251.51,1255.91,24329.483,1255.9,1252.92,7709.4351,1252.91,1247.5,20901.5401,1247.5,1248.21,28596.3672,1248.21,1249.11,17137.5011,1249.11,1248.64,8252.0556,1248.65,1247.34,4068.7384,1247.34,1251.32,8245.1738,1251.33,1253.62,7047.9793,1253.62,1253.73,4524.5996,1253.73,1252.49,8659.817,1252.49,1250.75,4026.4652,1250.76,1251.24,18450.8497,1251.25,1255.67,12122.4869
1672963200000,2023-01-06 00:00:00,1251.25,1257.98,1250.12,1255.67,12122.4869,1250.73,1248.71,11538.3394,1248.7,1251.51,7840.4538,1251.51,1255.91,24329.483,1255.9,1252.92,7709.4351,1252.91,1247.5,20901.5401,1247.5,1248.21,28596.3672,1248.21,1249.11,17137.5011,1249.11,1248.64,8252.0556,1248.65,1247.34,4068.7384,1247.34,1251.32,8245.1738,1251.33,1253.62,7047.9793,1253.62,1253.73,4524.5996,1253.73,1252.49,8659.817,1252.49,1250.75,4026.4652,1250.76,1251.24,18450.8497
1672959600000,2023-01-05 23:00:00,1250.76,1253.2,1248.19,1251.24,18450.8497,1251.03,1250.74,7654.0521,1250.73,1248.71,11538.3394,1248.7,1251.51,7840.4538,1251.51,1255.91,24329.483,1255.9,1252.92,7709.4351,1252.91,1247.5,20901.5401,1247.5,1248.21,28596.3672,1248.21,1249.11,17137.5011,1249.11,1248.64,8252.0556,1248.65,1247.34,4068.7384,1247.34,1251.32,8245.1738,1251.33,1253.62,7047.9793,1253.62,1253.73,4524.5996,1253.73,1252.49,8659.817,1252.49,1250.75,4026.4652
1672956000000,2023-01-05 22:00:00,1252.49,1252.82,1250.63,1250.75,4026.4652,1250.97,1251.03,9181.7652,1251.03,1250.74,7654.0521,1250.73,1248.71,11538.3394,1248.7,1251.51,7840.4538,1251.51,1255.91,24329.483,1255.9,1252.92,7709.4351,1252.91,1247.5,20901.5401,1247.5,1248.21,28596.3672,1248.21,1249.11,17137.5011,1249.11,1248.64,8252.0556,1248.65,1247.34,4068.7384,1247.34,1251.32,8245.1738,1251.33,1253.62,7047.9793,1253.62,1253.73,4524.5996,1253.73,1252.49,8659.817
1672952400000,2023-01-05 21:00:00,1253.73,1254.03,1251.4,1252.49,8659.817,1253.46,1250.97,13409.3634,1250.97,1251.03,9181.7652,1251.03,1250.74,7654.0521,1250.73,1248.71,11538.3394,1248.7,1251.51,7840.4538,1251.51,1255.91,24329.483,1255.9,1252.92,7709.4351,1252.91,1247.5,20901.5401,1247.5,1248.21,28596.3672,1248.21,1249.11,17137.5011,1249.11,1248.64,8252.0556,1248.65,1247.34,4068.7384,1247.34,1251.32,8245.1738,1251.33,1253.62,7047.9793,1253.62,1253.73,4524.5996
1672948800000,2023-01-05 20:00:00,1253.62,1254.31,1252.32,1253.73,4524.5996,1253.19,1253.46,8121.4947,1253.46,1250.97,13409.3634,1250.97,1251.03,9181.7652,1251.03,1250.74,7654.0521,1250.73,1248.71,11538.3394,1248.7,1251.51,7840.4538,1251.51,1255.91,24329.483,1255.9,1252.92,7709.4351,1252.91,1247.5,20901.5401,1247.5,1248.21,28596.3672,1248.21,1249.11,17137.5011,1249.11,1248.64,8252.0556,1248.65,1247.34,4068.7384,1247.34,1251.32,8245.1738,1251.33,1253.62,7047.9793
1672945200000,2023-01-05 19:00:00,1251.33,1254.98,1251.09,1253.62,7047.9793,1252.77,1253.19,8891.2241,1253.19,1253.46,8121.4947,1253.46,1250.97,13409.3634,1250.97,1251.03,9181.7652,1251.03,1250.74,7654.0521,1250.73,1248.71,11538.3394,1248.7,1251.51,7840.4538,1251.51,1255.91,24329.483,1255.9,1252.92,7709.4351,1252.91,1247.5,20901.5401,1247.5,1248.21,28596.3672,1248.21,1249.11,17137.5011,1249.11,1248.64,8252.0556,1248.65,1247.34,4068.7384,1247.34,1251.32,8245.1738
1672941600000,2023-01-05 18:00:00,1247.34,1251.75,1246.71,1251.32,8245.1738,1254.03,1252.77,16160.1509,1252.77,1253.19,8891.2241,1253.19,1253.46,8121.4947,1253.46,1250.97,13409.3634,1250.97,1251.03,9181.7652,1251.03,1250.74,7654.0521,1250.73,1248.71,11538.3394,1248.7,1251.51,7840.4538,1251.51,1255.91,24329.483,1255.9,1252.92,7709.4351,1252.91,1247.5,20901.5401,1247.5,1248.21,28596.3672,1248.21,1249.11,17137.5011,1249.11,1248.64,8252.0556,1248.65,1247.34,4068.7384
1672938000000,2023-01-05 17:00:00,1248.65,1249.95,1247.0,1247.34,4068.7384,1254.29,1254.02,6619.9896,1254.03,1252.77,16160.1509,1252.77,1253.19,8891.2241,1253.19,1253.46,8121.4947,1253.46,1250.97,13409.3634,1250.97,1251.03,9181.7652,1251.03,1250.74,7654.0521,1250.73,1248.71,11538.3394,1248.7,1251.51,7840.4538,1251.51,1255.91,24329.483,1255.9,1252.92,7709.4351,1252.91,1247.5,20901.5401,1247.5,1248.21,28596.3672,1248.21,1249.11,17137.5011,1249.11,1248.64,8252.0556
1672934400000,2023-01-05 16:00:00,1249.11,1250.25,1247.21,1248.64,8252.0556,1253.98,1254.29,10261.7557,1254.29,1254.02,6619.9896,1254.03,1252.77,16160.1509,1252.77,1253.19,8891.2241,1253.19,1253.46,8121.4947,1253.46,1250.97,13409.3634,1250.97,1251.03,9181.7652,1251.03,1250.74,7654.0521,1250.73,1248.71,11538.3394,1248.7,1251.51,7840.4538,1251.51,1255.91,24329.483,1255.9,1252.92,7709.4351,1252.91,1247.5,20901.5401,1247.5,1248.21,28596.3672,1248.21,1249.11,17137.5011
1672930800000,2023-01-05 15:00:00,1248.21,1252.75,1247.74,1249.11,17137.5011,1256.91,1253.97,11176.736,1253.98,1254.29,10261.7557,1254.29,1254.02,6619.9896,1254.03,1252.77,16160.1509,1252.77,1253.19,8891.2241,1253.19,1253.46,8121.4947,1253.46,1250.97,13409.3634,1250.97,1251.03,9181.7652,1251.03,1250.74,7654.0521,1250.73,1248.71,11538.3394,1248.7,1251.51,7840.4538,1251.51,1255.91,24329.483,1255.9,1252.92,7709.4351,1252.91,1247.5,20901.5401,1247.5,1248.21,28596.3672
1672927200000,2023-01-05 14:00:00,1247.5,1250.5,1242.81,1248.21,28596.3672,1253.32,1256.9,8323.0921,1256.91,1253.97,11176.736,1253.98,1254.29,10261.7557,1254.29,1254.02,6619.9896,1254.03,1252.77,16160.1509,1252.77,1253.19,8891.2241,1253.19,1253.46,8121.4947,1253.46,1250.97,13409.3634,1250.97,1251.03,9181.7652,1251.03,1250.74,7654.0521,1250.73,1248.71,11538.3394,1248.7,1251.51,7840.4538,1251.51,1255.91,24329.483,1255.9,1252.92,7709.4351,1252.91,1247.5,20901.5401
1672923600000,2023-01-05 13:00:00,1252.91,1254.0,1247.15,1247.5,20901.5401,1252.66,1253.31,4966.2757,1253.32,1256.9,8323.0921,1256.91,1253.97,11176.736,1253.98,1254.29,10261.7557,1254.29,1254.02,6619.9896,1254.03,1252.77,16160.1509,1252.77,1253.19,8891.2241,1253.19,1253.46,8121.4947,1253.46,1250.97,13409.3634,1250.97,1251.03,9181.7652,1251.03,1250.74,7654.0521,1250.73,1248.71,11538.3394,1248.7,1251.51,7840.4538,1251.51,1255.91,24329.483,1255.9,1252.92,7709.4351
1672920000000,2023-01-05 12:00:00,1255.9,1256.01,1251.93,1252.92,7709.4351,1251.27,1252.66,4851.0346,1252.66,1253.31,4966.2757,1253.32,1256.9,8323.0921,1256.91,1253.97,11176.736,1253.98,1254.29,10261.7557,1254.29,1254.02,6619.9896,1254.03,1252.77,16160.1509,1252.77,1253.19,8891.2241,1253.19,1253.46,8121.4947,1253.46,1250.97,13409.3634,1250.97,1251.03,9181.7652,1251.03,1250.74,7654.0521,1250.73,1248.71,11538.3394,1248.7,1251.51,7840.4538,1251.51,1255.91,24329.483
1672916400000,2023-01-05 11:00:00,1251.51,1256.14,1251.0,1255.91,24329.483,1254.39,1251.27,18061.5643,1251.27,1252.66,4851.0346,1252.66,1253.31,4966.2757,1253.32,1256.9,8323.0921,1256.91,1253.97,11176.736,1253.98,1254.29,10261.7557,1254.29,1254.02,6619.9896,1254.03,1252.77,16160.1509,1252.77,1253.19,8891.2241,1253.19,1253.46,8121.4947,1253.46,1250.97,13409.3634,1250.97,1251.03,9181.7652,1251.03,1250.74,7654.0521,1250.73,1248.71,11538.3394,1248.7,1251.51,7840.4538
1672912800000,2023-01-05 10:00:00,1248.7,1252.87,1248.55,1251.51,7840.4538,1261.88,1254.38,27631.2743,1254.39,1251.27,18061.5643,1251.27,1252.66,4851.0346,1252.66,1253.31,4966.2757,1253.32,1256.9,8323.0921,1256.91,1253.97,11176.736,1253.98,1254.29,10261.7557,1254.29,1254.02,6619.9896,1254.03,1252.77,16160.1509,1252.77,1253.19,8891.2241,1253.19,1253.46,8121.4947,1253.46,1250.97,13409.3634,1250.97,1251.03,9181.7652,1251.03,1250.74,7654.0521,1250.73,1248.71,11538.3394
1672909200000,2023-01-05 09:00:00,1250.73,1250.74,1245.3,1248.71,11538.3394,1260.49,1261.87,19051.3749,1261.88,1254.38,27631.2743,1254.39,1251.27,18061.5643,1251.27,1252.66,4851.0346,1252.66,1253.31,4966.2757,1253.32,1256.9,8323.0921,1256.91,1253.97,11176.736,1253.98,1254.29,10261.7557,1254.29,1254.02,6619.9896,1254.03,1252.77,16160.1509,1252.77,1253.19,8891.2241,1253.19,1253.46,8121.4947,1253.46,1250.97,13409.3634,1250.97,1251.03,9181.7652,1251.03,1250.74,7654.0521
1672905600000,2023-01-05 08:00:00,1251.03,1251.76,1248.09,1250.74,7654.0521,1254.03,1260.49,34788.532,1260.49,1261.87,19051.3749,1261.88,1254.38,27631.2743,1254.39,1251.27,18061.5643,1251.27,1252.66,4851.0346,1252.66,1253.31,4966.2757,1253.32,1256.9,8323.0921,1256.91,1253.97,11176.736,1253.98,1254.29,10261.7557,1254.29,1254.02,6619.9896,1254.03,1252.77,16160.1509,1252.77,1253.19,8891.2241,1253.19,1253.46,8121.4947,1253.46,1250.97,13409.3634,1250.97,1251.03,9181.7652
1672902000000,2023-01-05 07:00:00,1250.97,1251.38,1247.48,1251.03,9181.7652,1255.89,1254.02,13020.2048,1254.03,1260.49,34788.532,1260.49,1261.87,19051.3749,1261.88,1254.38,27631.2743,1254.39,1251.27,18061.5643,1251.27,1252.66,4851.0346,1252.66,1253.31,4966.2757,1253.32,1256.9,8323.0921,1256.91,1253.97,11176.736,1253.98,1254.29,10261.7557,1254.29,1254.02,6619.9896,1254.03,1252.77,16160.1509,1252.77,1253.19,8891.2241,1253.19,1253.46,8121.4947,1253.46,1250.97,13409.3634
1672898400000,2023-01-05 06:00:00,1253.46,1253.95,1249.16,1250.97,13409.3634,1250.94,1255.88,34904.392,1255.89,1254.02,13020.2048,1254.03,1260.49,34788.532,1260.49,1261.87,19051.3749,1261.88,1254.38,27631.2743,1254.39,1251.27,18061.5643,1251.27,1252.66,4851.0346,1252.66,1253.31,4966.2757,1253.32,1256.9,8323.0921,1256.91,1253.97,11176.736,1253.98,1254.29,10261.7557,1254.29,1254.02,6619.9896,1254.03,1252.77,16160.1509,1252.77,1253.19,8891.2241,1253.19,1253.46,8121.4947
1672894800000,2023-01-05 05:00:00,1253.19,1255.0,1253.0,1253.46,8121.4947,1253.73,1250.94,17985.2841,1250.94,1255.88,34904.392,1255.89,1254.02,13020.2048,1254.03,1260.49,34788.532,1260.49,1261.87,19051.3749,1261.88,1254.38,27631.2743,1254.39,1251.27,18061.5643,1251.27,1252.66,4851.0346,1252.66,1253.31,4966.2757,1253.32,1256.9,8323.0921,1256.91,1253.97,11176.736,1253.98,1254.29,10261.7557,1254.29,1254.02,6619.9896,1254.03,1252.77,16160.1509,1252.77,1253.19,8891.2241
1672891200000,2023-01-05 04:00:00,1252.77,1254.36,1252.5,1253.19,8891.2241,1250.99,1253.72,7141.4744,1253.73,1250.94,17985.2841,1250.94,1255.88,34904.392,1255.89,1254.02,13020.2048,1254.03,1260.49,34788.532,1260.49,1261.87,19051.3749,1261.88,1254.38,27631.2743,1254.39,1251.27,18061.5643,1251.27,1252.66,4851.0346,1252.66,1253.31,4966.2757,1253.32,1256.9,8323.0921,1256.91,1253.97,11176.736,1253.98,1254.29,10261.7557,1254.29,1254.02,6619.9896,1254.03,1252.77,16160.1509
1672887600000,2023-01-05 03:00:00,1254.03,1254.05,1252.19,1252.77,16160.1509,1251.59,1250.99,11878.3749,1250.99,1253.72,7141.4744,1253.73,1250.94,17985.2841,1250.94,1255.88,34904.392,1255.89,1254.02,13020.2048,1254.03,1260.49,34788.532,1260.49,1261.87,19051.3749,1261.88,1254.38,27631.2743,1254.39,1251.27,18061.5643,1251.27,1252.66,4851.0346,1252.66,1253.31,4966.2757,1253.32,1256.9,8323.0921,1256.91,1253.97,11176.736,1253.98,1254.29,10261.7557,1254.29,1254.02,6619.9896
1672884000000,2023-01-05 02:00:00,1254.29,1254.72,1252.58,1254.02,6619.9896,1249.82,1251.58,6988.3274,1251.59,1250.99,11878.3749,1250.99,1253.72,7141.4744,1253.73,1250.94,17985.2841,1250.94,1255.88,34904.392,1255.89,1254.02,13020.2048,1254.03,1260.49,34788.532,1260.49,1261.87,19051.3749,1261.88,1254.38,27631.2743,1254.39,1251.27,18061.5643,1251.27,1252.66,4851.0346,1252.66,1253.31,4966.2757,1253.32,1256.9,8323.0921,1256.91,1253.97,11176.736,1253.98,1254.29,10261.7557
1672880400000,2023-01-05 01:00:00,1253.98,1257.21,1252.43,1254.29,10261.7557,1249.69,1249.82,6218.6472,1249.82,1251.58,6988.3274,1251.59,1250.99,11878.3749,1250.99,1253.72,7141.4744,1253.73,1250.94,17985.2841,1250.94,1255.88,34904.392,1255.89,1254.02,13020.2048,1254.03,1260.49,34788.532,1260.49,1261.87,19051.3749,1261.88,1254.38,27631.2743,1254.39,1251.27,18061.5643,1251.27,1252.66,4851.0346,1252.66,1253.31,4966.2757,1253.32,1256.9,8323.0921,1256.91,1253.97,11176.736
1672876800000,2023-01-05 00:00:00,1256.91,1259.95,1253.2,1253.97,11176.736,1250.75,1249.68,9623.1293,1249.69,1249.82,6218.6472,1249.82,1251.58,6988.3274,1251.59,1250.99,11878.3749,1250.99,1253.72,7141.4744,1253.73,1250.94,17985.2841,1250.94,1255.88,34904.392,1255.89,1254.02,13020.2048,1254.03,1260.49,34788.532,1260.49,1261.87,19051.3749,1261.88,1254.38,27631.2743,1254.39,1251.27,18061.5643,1251.27,1252.66,4851.0346,1252.66,1253.31,4966.2757,1253.32,1256.9,8323.0921
1672873200000,2023-01-04 23:00:00,1253.32,1257.47,1253.07,1256.9,8323.0921,1252.0,1250.74,24092.2208,1250.75,1249.68,9623.1293,1249.69,1249.82,6218.6472,1249.82,1251.58,6988.3274,1251.59,1250.99,11878.3749,1250.99,1253.72,7141.4744,1253.73,1250.94,17985.2841,1250.94,1255.88,34904.392,1255.89,1254.02,13020.2048,1254.03,1260.49,34788.532,1260.49,1261.87,19051.3749,1261.88,1254.38,27631.2743,1254.39,1251.27,18061.5643,1251.27,1252.66,4851.0346,1252.66,1253.31,4966.2757
1672869600000,2023-01-04 22:00:00,1252.66,1257.7,1252.25,1253.31,4966.2757,1250.5,1252.0,12851.235,1252.0,1250.74,24092.2208,1250.75,1249.68,9623.1293,1249.69,1249.82,6218.6472,1249.82,1251.58,6988.3274,1251.59,1250.99,11878.3749,1250.99,1253.72,7141.4744,1253.73,1250.94,17985.2841,1250.94,1255.88,34904.392,1255.89,1254.02,13020.2048,1254.03,1260.49,34788.532,1260.49,1261.87,19051.3749,1261.88,1254.38,27631.2743,1254.39,1251.27,18061.5643,1251.27,1252.66,4851.0346
1672866000000,2023-01-04 21:00:00,1251.27,1253.65,1250.48,1252.66,4851.0346,1248.03,1250.51,18740.1449,1250.5,1252.0,12851.235,1252.0,1250.74,24092.2208,1250.75,1249.68,9623.1293,1249.69,1249.82,6218.6472,1249.82,1251.58,6988.3274,1251.59,1250.99,11878.3749,1250.99,1253.72,7141.4744,1253.73,1250.94,17985.2841,1250.94,1255.88,34904.392,1255.89,1254.02,13020.2048,1254.03,1260.49,34788.532,1260.49,1261.87,19051.3749,1261.88,1254.38,27631.2743,1254.39,1251.27,18061.5643
1672862400000,2023-01-04 20:00:00,1254.39,1254.62,1245.44,1251.27,18061.5643,1250.34,1248.02,10856.9403,1248.03,1250.51,18740.1449,1250.5,1252.0,12851.235,1252.0,1250.74,24092.2208,1250.75,1249.68,9623.1293,1249.69,1249.82,6218.6472,1249.82,1251.58,6988.3274,1251.59,1250.99,11878.3749,1250.99,1253.72,7141.4744,1253.73,1250.94,17985.2841,1250.94,1255.88,34904.392,1255.89,1254.02,13020.2048,1254.03,1260.49,34788.532,1260.49,1261.87,19051.3749,1261.88,1254.38,27631.2743
1672858800000,2023-01-04 19:00:00,1261.88,1265.58,1251.35,1254.38,27631.2743,1250.73,1250.35,26288.0504,1250.34,1248.02,10856.9403,1248.03,1250.51,18740.1449,1250.5,1252.0,12851.235,1252.0,1250.74,24092.2208,1250.75,1249.68,9623.1293,1249.69,1249.82,6218.6472,1249.82,1251.58,6988.3274,1251.59,1250.99,11878.3749,1250.99,1253.72,7141.4744,1253.73,1250.94,17985.2841,1250.94,1255.88,34904.392,1255.89,1254.02,13020.2048,1254.03,1260.49,34788.532,1260.49,1261.87,19051.3749
1672855200000,2023-01-04 18:00:00,1260.49,1267.73,1257.0,1261.87,19051.3749,1231.6,1250.74,76429.5944,1250.73,1250.35,26288.0504,1250.34,1248.02,10856.9403,1248.03,1250.51,18740.1449,1250.5,1252.0,12851.235,1252.0,1250.74,24092.2208,1250.75,1249.68,9623.1293,1249.69,1249.82,6218.6472,1249.82,1251.58,6988.3274,1251.59,1250.99,11878.3749,1250.99,1253.72,7141.4744,1253.73,1250.94,17985.2841,1250.94,1255.88,34904.392,1255.89,1254.02,13020.2048,1254.03,1260.49,34788.532
1672851600000,2023-01-04 17:00:00,1254.03,1272.6,1252.79,1260.49,34788.532,1224.11,1231.6,28533.2903,1231.6,1250.74,76429.5944,1250.73,1250.35,26288.0504,1250.34,1248.02,10856.9403,1248.03,1250.51,18740.1449,1250.5,1252.0,12851.235,1252.0,1250.74,24092.2208,1250.75,1249.68,9623.1293,1249.69,1249.82,6218.6472,1249.82,1251.58,6988.3274,1251.59,1250.99,11878.3749,1250.99,1253.72,7141.4744,1253.73,1250.94,17985.2841,1250.94,1255.88,34904.392,1255.89,1254.02,13020.2048
1672848000000,2023-01-04 16:00:00,1255.89,1257.68,1251.12,1254.02,13020.2048,1213.54,1224.1,30267.655,1224.11,1231.6,28533.2903,1231.6,1250.74,76429.5944,1250.73,1250.35,26288.0504,1250.34,1248.02,10856.9403,1248.03,1250.51,18740.1449,1250.5,1252.0,12851.235,1252.0,1250.74,24092.2208,1250.75,1249.68,9623.1293,1249.69,1249.82,6218.6472,1249.82,1251.58,6988.3274,1251.59,1250.99,11878.3749,1250.99,1253.72,7141.4744,1253.73,1250.94,17985.2841,1250.94,1255.88,34904.392
1672844400000,2023-01-04 15:00:00,1250.94,1258.09,1241.89,1255.88,34904.392,1214.56,1213.53,4307.5517,1213.54,1224.1,30267.655,1224.11,1231.6,28533.2903,1231.6,1250.74,76429.5944,1250.73,1250.35,26288.0504,1250.34,1248.02,10856.9403,1248.03,1250.51,18740.1449,1250.5,1252.0,12851.235,1252.0,1250.74,24092.2208,1250.75,1249.68,9623.1293,1249.69,1249.82,6218.6472,1249.82,1251.58,6988.3274,1251.59,1250.99,11878.3749,1250.99,1253.72,7141.4744,1253.73,1250.94,17985.2841
1672840800000,2023-01-04 14:00:00,1253.73,1255.18,1249.31,1250.94,17985.2841,1212.69,1214.55,6907.6304,1214.56,1213.53,4307.5517,1213.54,1224.1,30267.655,1224.11,1231.6,28533.2903,1231.6,1250.74,76429.5944,1250.73,1250.35,26288.0504,1250.34,1248.02,10856.9403,1248.03,1250.51,18740.1449,1250.5,1252.0,12851.235,1252.0,1250.74,24092.2208,1250.75,1249.68,9623.1293,1249.69,1249.82,6218.6472,1249.82,1251.58,6988.3274,1251.59,1250.99,11878.3749,1250.99,1253.72,7141.4744
1672837200000,2023-01-04 13:00:00,1250.99,1253.92,1250.82,1253.72,7141.4744,1211.49,1212.69,4408.9385,1212.69,1214.55,6907.6304,1214.56,1213.53,4307.5517,1213.54,1224.1,30267.655,1224.11,1231.6,28533.2903,1231.6,1250.74,76429.5944,1250.73,1250.35,26288.0504,1250.34,1248.02,10856.9403,1248.03,1250.51,18740.1449,1250.5,1252.0,12851.235,1252.0,1250.74,24092.2208,1250.75,1249.68,9623.1293,1249.69,1249.82,6218.6472,1249.82,1251.58,6988.3274,1251.59,1250.99,11878.3749
1672833600000,2023-01-04 12:00:00,1251.59,1256.48,1250.77,1250.99,11878.3749,1210.99,1211.48,13349.8176,1211.49,1212.69,4408.9385,1212.69,1214.55,6907.6304,1214.56,1213.53,4307.5517,1213.54,1224.1,30267.655,1224.11,1231.6,28533.2903,1231.6,1250.74,76429.5944,1250.73,1250.35,26288.0504,1250.34,1248.02,10856.9403,1248.03,1250.51,18740.1449,1250.5,1252.0,12851.235,1252.0,1250.74,24092.2208,1250.75,1249.68,9623.1293,1249.69,1249.82,6218.6472,1249.82,1251.58,6988.3274
1672830000000,2023-01-04 11:00:00,1249.82,1253.72,1249.51,1251.58,6988.3274,1209.51,1211.0,11935.8741,1210.99,1211.48,13349.8176,1211.49,1212.69,4408.9385,1212.69,1214.55,6907.6304,1214.56,1213.53,4307.5517,1213.54,1224.1,30267.655,1224.11,1231.6,28533.2903,1231.6,1250.74,76429.5944,1250.73,1250.35,26288.0504,1250.34,1248.02,10856.9403,1248.03,1250.51,18740.1449,1250.5,1252.0,12851.235,1252.0,1250.74,24092.2208,1250.75,1249.68,9623.1293,1249.69,1249.82,6218.6472
1672826400000,2023-01-04 10:00:00,1249.69,1250.36,1248.7,1249.82,6218.6472,1207.87,1209.5,9794.8096,1209.51,1211.0,11935.8741,1210.99,1211.48,13349.8176,1211.49,1212.69,4408.9385,1212.69,1214.55,6907.6304,1214.56,1213.53,4307.5517,1213.54,1224.1,30267.655,1224.11,1231.6,28533.2903,1231.6,1250.74,76429.5944,1250.73,1250.35,26288.0504,1250.34,1248.02,10856.9403,1248.03,1250.51,18740.1449,1250.5,1252.0,12851.235,1252.0,1250.74,24092.2208,1250.75,1249.68,9623.1293
1672822800000,2023-01-04 09:00:00,1250.75,1251.74,1248.6,1249.68,9623.1293,1208.74,1207.88,6157.902,1207.87,1209.5,9794.8096,1209.51,1211.0,11935.8741,1210.99,1211.48,13349.8176,1211.49,1212.69,4408.9385,1212.69,1214.55,6907.6304,1214.56,1213.53,4307.5517,1213.54,1224.1,30267.655,1224.11,1231.6,28533.2903,1231.6,1250.74,76429.5944,1250.73,1250.35,26288.0504,1250.34,1248.02,10856.9403,1248.03,1250.51,18740.1449,1250.5,1252.0,12851.235,1252.0,1250.74,24092.2208
1672819200000,2023-01-04 08:00:00,1252.0,1264.0,1248.59,1250.74,24092.2208,1207.71,1208.75,6148.6412,1208.74,1207.88,6157.902,1207.87,1209.5,9794.8096,1209.51,1211.0,11935.8741,1210.99,1211.48,13349.8176,1211.49,1212.69,4408.9385,1212.69,1214.55,6907.6304,1214.56,1213.53,4307.5517,1213.54,1224.1,30267.655,1224.11,1231.6,28533.2903,1231.6,1250.74,76429.5944,1250.73,1250.35,26288.0504,1250.34,1248.02,10856.9403,1248.03,1250.51,18740.1449,1250.5,1252.0,12851.235
1672815600000,2023-01-04 07:00:00,1250.5,1253.13,1247.93,1252.0,12851.235,1211.77,1207.71,12333.747,1207.71,1208.75,6148.6412,1208.74,1207.88,6157.902,1207.87,1209.5,9794.8096,1209.51,1211.0,11935.8741,1210.99,1211.48,13349.8176,1211.49,1212.69,4408.9385,1212.69,1214.55,6907.6304,1214.56,1213.53,4307.5517,1213.54,1224.1,30267.655,1224.11,1231.6,28533.2903,1231.6,1250.74,76429.5944,1250.73,1250.35,26288.0504,1250.34,1248.02,10856.9403,1248.03,1250.51,18740.1449
1672812000000,2023-01-04 06:00:00,1248.03,1251.97,1247.33,1250.51,18740.1449,1210.32,1211.76,16679.9534,1211.77,1207.71,12333.747,1207.71,1208.75,6148.6412,1208.74,1207.88,6157.902,1207.87,1209.5,9794.8096,1209.51,1211.0,11935.8741,1210.99,1211.48,13349.8176,1211.49,1212.69,4408.9385,1212.69,1214.55,6907.6304,1214.56,1213.53,4307.5517,1213.54,1224.1,30267.655,1224.11,1231.6,28533.2903,1231.6,1250.74,76429.5944,1250.73,1250.35,26288.0504,1250.34,1248.02,10856.9403
1672808400000,2023-01-04 05:00:00,1250.34,1251.17,1247.3,1248.02,10856.9403,1216.4,1210.33,26626.7998,1210.32,1211.76,16679.9534,1211.77,1207.71,12333.747,1207.71,1208.75,6148.6412,1208.74,1207.88,6157.902,1207.87,1209.5,9794.8096,1209.51,1211.0,11935.8741,1210.99,1211.48,13349.8176,1211.49,1212.69,4408.9385,1212.69,1214.55,6907.6304,1214.56,1213.53,4307.5517,1213.54,1224.1,30267.655,1224.11,1231.6,28533.2903,1231.6,1250.74,76429.5944,1250.73,1250.35,26288.0504
1672804800000,2023-01-04 04:00:00,1250.73,1254.54,1248.84,1250.35,26288.0504,1215.35,1216.4,9364.1492,1216.4,1210.33,26626.7998,1210.32,1211.76,16679.9534,1211.77,1207.71,12333.747,1207.71,1208.75,6148.6412,1208.74,1207.88,6157.902,1207.87,1209.5,9794.8096,1209.51,1211.0,11935.8741,1210.99,1211.48,13349.8176,1211.49,1212.69,4408.9385,1212.69,1214.55,6907.6304,1214.56,1213.53,4307.5517,1213.54,1224.1,30267.655,1224.11,1231.6,28533.2903,1231.6,1250.74,76429.5944
1672801200000,2023-01-04 03:00:00,1231.6,1254.96,1231.6,1250.74,76429.5944,1214.98,1215.35,5654.6408,1215.35,1216.4,9364.1492,1216.4,1210.33,26626.7998,1210.32,1211.76,16679.9534,1211.77,1207.71,12333.747,1207.71,1208.75,6148.6412,1208.74,1207.88,6157.902,1207.87,1209.5,9794.8096,1209.51,1211.0,11935.8741,1210.99,1211.48,13349.8176,1211.49,1212.69,4408.9385,1212.69,1214.55,6907.6304,1214.56,1213.53,4307.5517,1213.54,1224.1,30267.655,1224.11,1231.6,28533.2903
1672797600000,2023-01-04 02:00:00,1224.11,1234.5,1224.1,1231.6,28533.2903,1215.73,1214.98,5146.4239,1214.98,1215.35,5654.6408,1215.35,1216.4,9364.1492,1216.4,1210.33,26626.7998,1210.32,1211.76,16679.9534,1211.77,1207.71,12333.747,1207.71,1208.75,6148.6412,1208.74,1207.88,6157.902,1207.87,1209.5,9794.8096,1209.51,1211.0,11935.8741,1210.99,1211.48,13349.8176,1211.49,1212.69,4408.9385,1212.69,1214.55,6907.6304,1214.56,1213.53,4307.5517,1213.54,1224.1,30267.655
1672794000000,2023-01-04 01:00:00,1213.54,1228.85,1213.27,1224.1,30267.655,1217.49,1215.73,8359.9258,1215.73,1214.98,5146.4239,1214.98,1215.35,5654.6408,1215.35,1216.4,9364.1492,1216.4,1210.33,26626.7998,1210.32,1211.76,16679.9534,1211.77,1207.71,12333.747,1207.71,1208.75,6148.6412,1208.74,1207.88,6157.902,1207.87,1209.5,9794.8096,1209.51,1211.0,11935.8741,1210.99,1211.48,13349.8176,1211.49,1212.69,4408.9385,1212.69,1214.55,6907.6304,1214.56,1213.53,4307.5517
1672790400000,2023-01-04 00:00:00,1214.56,1214.96,1212.71,1213.53,4307.5517,1215.64,1217.48,8999.9249,1217.49,1215.73,8359.9258,1215.73,1214.98,5146.4239,1214.98,1215.35,5654.6408,1215.35,1216.4,9364.1492,1216.4,1210.33,26626.7998,1210.32,1211.76,16679.9534,1211.77,1207.71,12333.747,1207.71,1208.75,6148.6412,1208.74,1207.88,6157.902,1207.87,1209.5,9794.8096,1209.51,1211.0,11935.8741,1210.99,1211.48,13349.8176,1211.49,1212.69,4408.9385,1212.69,1214.55,6907.6304
1672786800000,2023-01-03 23:00:00,1212.69,1216.39,1212.24,1214.55,6907.6304,1216.61,1215.63,7372.5874,1215.64,1217.48,8999.9249,1217.49,1215.73,8359.9258,1215.73,1214.98,5146.4239,1214.98,1215.35,5654.6408,1215.35,1216.4,9364.1492,1216.4,1210.33,26626.7998,1210.32,1211.76,16679.9534,1211.77,1207.71,12333.747,1207.71,1208.75,6148.6412,1208.74,1207.88,6157.902,1207.87,1209.5,9794.8096,1209.51,1211.0,11935.8741,1210.99,1211.48,13349.8176,1211.49,1212.69,4408.9385
1672783200000,2023-01-03 22:00:00,1211.49,1212.98,1210.21,1212.69,4408.9385,1216.8,1216.61,4094.1791,1216.61,1215.63,7372.5874,1215.64,1217.48,8999.9249,1217.49,1215.73,8359.9258,1215.73,1214.98,5146.4239,1214.98,1215.35,5654.6408,1215.35,1216.4,9364.1492,1216.4,1210.33,26626.7998,1210.32,1211.76,16679.9534,1211.77,1207.71,12333.747,1207.71,1208.75,6148.6412,1208.74,1207.88,6157.902,1207.87,1209.5,9794.8096,1209.51,1211.0,11935.8741,1210.99,1211.48,13349.8176
1672779600000,2023-01-03 21:00:00,1210.99,1212.59,1210.34,1211.48,13349.8176,1217.85,1216.8,7585.1804,1216.8,1216.61,4094.1791,1216.61,1215.63,7372.5874,1215.64,1217.48,8999.9249,1217.49,1215.73,8359.9258,1215.73,1214.98,5146.4239,1214.98,1215.35,5654.6408,1215.35,1216.4,9364.1492,1216.4,1210.33,26626.7998,1210.32,1211.76,16679.9534,1211.77,1207.71,12333.747,1207.71,1208.75,6148.6412,1208.74,1207.88,6157.902,1207.87,1209.5,9794.8096,1209.51,1211.0,11935.8741
1672776000000,2023-01-03 20:00:00,1209.51,1212.92,1209.44,1211.0,11935.8741,1213.55,1217.86,5559.7739,1217.85,1216.8,7585.1804,1216.8,1216.61,4094.1791,1216.61,1215.63,7372.5874,1215.64,1217.48,8999.9249,1217.49,1215.73,8359.9258,1215.73,1214.98,5146.4239,1214.98,1215.35,5654.6408,1215.35,1216.4,9364.1492,1216.4,1210.33,26626.7998,1210.32,1211.76,16679.9534,1211.77,1207.71,12333.747,1207.71,1208.75,6148.6412,1208.74,1207.88,6157.902,1207.87,1209.5,9794.8096
1672772400000,2023-01-03 19:00:00,1207.87,1210.61,1204.93,1209.5,9794.8096,1215.58,1213.54,4289.5462,1213.55,1217.86,5559.7739,1217.85,1216.8,7585.1804,1216.8,1216.61,4094.1791,1216.61,1215.63,7372.5874,1215.64,1217.48,8999.9249,1217.49,1215.73,8359.9258,1215.73,1214.98,5146.4239,1214.98,1215.35,5654.6408,1215.35,1216.4,9364.1492,1216.4,1210.33,26626.7998,1210.32,1211.76,16679.9534,1211.77,1207.71,12333.747,1207.71,1208.75,6148.6412,1208.74,1207.88,6157.902
1672768800000,2023-01-03 18:00:00,1208.74,1209.18,1206.66,1207.88,6157.902,1214.21,1215.59,6510.5641,1215.58,1213.54,4289.5462,1213.55,1217.86,5559.7739,1217.85,1216.8,7585.1804,1216.8,1216.61,4094.1791,1216.61,1215.63,7372.5874,1215.64,1217.48,8999.9249,1217.49,1215.73,8359.9258,1215.73,1214.98,5146.4239,1214.98,1215.35,5654.6408,1215.35,1216.4,9364.1492,1216.4,1210.33,26626.7998,1210.32,1211.76,16679.9534,1211.77,1207.71,12333.747,1207.71,1208.75,6148.6412
1672765200000,2023-01-03 17:00:00,1207.71,1209.74,1206.88,1208.75,6148.6412,1214.13,1214.22,4795.288,1214.21,1215.59,6510.5641,1215.58,1213.54,4289.5462,1213.55,1217.86,5559.7739,1217.85,1216.8,7585.1804,1216.8,1216.61,4094.1791,1216.61,1215.63,7372.5874,1215.64,1217.48,8999.9249,1217.49,1215.73,8359.9258,1215.73,1214.98,5146.4239,1214.98,1215.35,5654.6408,1215.35,1216.4,9364.1492,1216.4,1210.33,26626.7998,1210.32,1211.76,16679.9534,1211.77,1207.71,12333.747
1672761600000,2023-01-03 16:00:00,1211.77,1212.76,1207.31,1207.71,12333.747,1215.55,1214.14,7526.1063,1214.13,1214.22,4795.288,1214.21,1215.59,6510.5641,1215.58,1213.54,4289.5462,1213.55,1217.86,5559.7739,1217.85,1216.8,7585.1804,1216.8,1216.61,4094.1791,1216.61,1215.63,7372.5874,1215.64,1217.48,8999.9249,1217.49,1215.73,8359.9258,1215.73,1214.98,5146.4239,1214.98,1215.35,5654.6408,1215.35,1216.4,9364.1492,1216.4,1210.33,26626.7998,1210.32,1211.76,16679.9534
1672758000000,2023-01-03 15:00:00,1210.32,1212.15,1207.09,1211.76,16679.9534,1213.99,1215.55,5917.0908,1215.55,1214.14,7526.1063,1214.13,1214.22,4795.288,1214.21,1215.59,6510.5641,1215.58,1213.54,4289.5462,1213.55,1217.86,5559.7739,1217.85,1216.8,7585.1804,1216.8,1216.61,4094.1791,1216.61,1215.63,7372.5874,1215.64,1217.48,8999.9249,1217.49,1215.73,8359.9258,1215.73,1214.98,5146.4239,1214.98,1215.35,5654.6408,1215.35,1216.4,9364.1492,1216.4,1210.33,26626.7998
1672754400000,2023-01-03 14:00:00,1216.4,1219.24,1206.0,1210.33,26626.7998,1215.1,1214.0,10130.3211,1213.99,1215.55,5917.0908,1215.55,1214.14,7526.1063,1214.13,1214.22,4795.288,1214.21,1215.59,6510.5641,1215.58,1213.54,4289.5462,1213.55,1217.86,5559.7739,1217.85,1216.8,7585.1804,1216.8,1216.61,4094.1791,1216.61,1215.63,7372.5874,1215.64,1217.48,8999.9249,1217.49,1215.73,8359.9258,1215.73,1214.98,5146.4239,1214.98,1215.35,5654.6408,1215.35,1216.4,9364.1492
1672750800000,2023-01-03 13:00:00,1215.35,1217.84,1215.21,1216.4,9364.1492,1219.79,1215.11,12767.6245,1215.1,1214.0,10130.3211,1213.99,1215.55,5917.0908,1215.55,1214.14,7526.1063,1214.13,1214.22,4795.288,1214.21,1215.59,6510.5641,1215.58,1213.54,4289.5462,1213.55,1217.86,5559.7739,1217.85,1216.8,7585.1804,1216.8,1216.61,4094.1791,1216.61,1215.63,7372.5874,1215.64,1217.48,8999.9249,1217.49,1215.73,8359.9258,1215.73,1214.98,5146.4239,1214.98,1215.35,5654.6408
1672747200000,2023-01-03 12:00:00,1214.98,1216.5,1214.5,1215.35,5654.6408,1218.39,1219.79,6210.7274,1219.79,1215.11,12767.6245,1215.1,1214.0,10130.3211,1213.99,1215.55,5917.0908,1215.55,1214.14,7526.1063,1214.13,1214.22,4795.288,1214.21,1215.59,6510.5641,1215.58,1213.54,4289.5462,1213.55,1217.86,5559.7739,1217.85,1216.8,7585.1804,1216.8,1216.61,4094.1791,1216.61,1215.63,7372.5874,1215.64,1217.48,8999.9249,1217.49,1215.73,8359.9258,1215.73,1214.98,5146.4239
1672743600000,2023-01-03 11:00:00,1215.73,1216.92,1214.19,1214.98,5146.4239,1218.88,1218.4,3148.2116,1218.39,1219.79,6210.7274,1219.79,1215.11,12767.6245,1215.1,1214.0,10130.3211,1213.99,1215.55,5917.0908,1215.55,1214.14,7526.1063,1214.13,1214.22,4795.288,1214.21,1215.59,6510.5641,1215.58,1213.54,4289.5462,1213.55,1217.86,5559.7739,1217.85,1216.8,7585.1804,1216.8,1216.61,4094.1791,1216.61,1215.63,7372.5874,1215.64,1217.48,8999.9249,1217.49,1215.73,8359.9258
1672740000000,2023-01-03 10:00:00,1217.49,1218.4,1215.73,1215.73,8359.9258,1218.04,1218.87,2832.7757,1218.88,1218.4,3148.2116,1218.39,1219.79,6210.7274,1219.79,1215.11,12767.6245,1215.1,1214.0,10130.3211,1213.99,1215.55,5917.0908,1215.55,1214.14,7526.1063,1214.13,1214.22,4795.288,1214.21,1215.59,6510.5641,1215.58,1213.54,4289.5462,1213.55,1217.86,5559.7739,1217.85,1216.8,7585.1804,1216.8,1216.61,4094.1791,1216.61,1215.63,7372.5874,1215.64,1217.48,8999.9249
1672736400000,2023-01-03 09:00:00,1215.64,1218.57,1215.63,1217.48,8999.9249,1217.09,1218.03,3683.9939,1218.04,1218.87,2832.7757,1218.88,1218.4,3148.2116,1218.39,1219.79,6210.7274,1219.79,1215.11,12767.6245,1215.1,1214.0,10130.3211,1213.99,1215.55,5917.0908,1215.55,1214.14,7526.1063,1214.13,1214.22,4795.288,1214.21,1215.59,6510.5641,1215.58,1213.54,4289.5462,1213.55,1217.86,5559.7739,1217.85,1216.8,7585.1804,1216.8,1216.61,4094.1791,1216.61,1215.63,7372.5874
1672732800000,2023-01-03 08:00:00,1216.61,1217.08,1213.99,1215.63,7372.5874,1216.52,1217.08,5356.3496,1217.09,1218.03,3683.9939,1218.04,1218.87,2832.7757,1218.88,1218.4,3148.2116,1218.39,1219.79,6210.7274,1219.79,1215.11,12767.6245,1215.1,1214.0,10130.3211,1213.99,1215.55,5917.0908,1215.55,1214.14,7526.1063,1214.13,1214.22,4795.288,1214.21,1215.59,6510.5641,1215.58,1213.54,4289.5462,1213.55,1217.86,5559.7739,1217.85,1216.8,7585.1804,1216.8,1216.61,4094.1791
1672729200000,2023-01-03 07:00:00,1216.8,1217.17,1215.29,1216.61,4094.1791,1219.0,1216.51,7288.0316,1216.52,1217.08,5356.3496,1217.09,1218.03,3683.9939,1218.04,1218.87,2832.7757,1218.88,1218.4,3148.2116,1218.39,1219.79,6210.7274,1219.79,1215.11,12767.6245,1215.1,1214.0,10130.3211,1213.99,1215.55,5917.0908,1215.55,1214.14,7526.1063,1214.13,1214.22,4795.288,1214.21,1215.59,6510.5641,1215.58,1213.54,4289.5462,1213.55,1217.86,5559.7739,1217.85,1216.8,7585.1804
1672725600000,2023-01-03 06:00:00,1217.85,1219.89,1216.46,1216.8,7585.1804,1216.77,1219.0,14366.9228,1219.0,1216.51,7288.0316,1216.52,1217.08,5356.3496,1217.09,1218.03,3683.9939,1218.04,1218.87,2832.7757,1218.88,1218.4,3148.2116,1218.39,1219.79,6210.7274,1219.79,1215.11,12767.6245,1215.1,1214.0,10130.3211,1213.99,1215.55,5917.0908,1215.55,1214.14,7526.1063,1214.13,1214.22,4795.288,1214.21,1215.59,6510.5641,1215.58,1213.54,4289.5462,1213.55,1217.86,5559.7739
1672722000000,2023-01-03 05:00:00,1213.55,1217.86,1213.43,1217.86,5559.7739,1214.95,1216.78,9916.8659,1216.77,1219.0,14366.9228,1219.0,1216.51,7288.0316,1216.52,1217.08,5356.3496,1217.09,1218.03,3683.9939,1218.04,1218.87,2832.7757,1218.88,1218.4,3148.2116,1218.39,1219.79,6210.7274,1219.79,1215.11,12767.6245,1215.1,1214.0,10130.3211,1213.99,1215.55,5917.0908,1215.55,1214.14,7526.1063,1214.13,1214.22,4795.288,1214.21,1215.59,6510.5641,1215.58,1213.54,4289.5462
1672718400000,2023-01-03 04:00:00,1215.58,1215.79,1213.41,1213.54,4289.5462,1216.62,1214.95,6919.2938,1214.95,1216.78,9916.8659,1216.77,1219.0,14366.9228,1219.0,1216.51,7288.0316,1216.52,1217.08,5356.3496,1217.09,1218.03,3683.9939,1218.04,1218.87,2832.7757,1218.88,1218.4,3148.2116,1218.39,1219.79,6210.7274,1219.79,1215.11,12767.6245,1215.1,1214.0,10130.3211,1213.99,1215.55,5917.0908,1215.55,1214.14,7526.1063,1214.13,1214.22,4795.288,1214.21,1215.59,6510.5641
1672714800000,2023-01-03 03:00:00,1214.21,1216.21,1212.93,1215.59,6510.5641,1217.35,1216.62,5725.8258,1216.62,1214.95,6919.2938,1214.95,1216.78,9916.8659,1216.77,1219.0,14366.9228,1219.0,1216.51,7288.0316,1216.52,1217.08,5356.3496,1217.09,1218.03,3683.9939,1218.04,1218.87,2832.7757,1218.88,1218.4,3148.2116,1218.39,1219.79,6210.7274,1219.79,1215.11,12767.6245,1215.1,1214.0,10130.3211,1213.99,1215.55,5917.0908,1215.55,1214.14,7526.1063,1214.13,1214.22,4795.288
1672711200000,2023-01-03 02:00:00,1214.13,1215.22,1212.97,1214.22,4795.288,1217.74,1217.35,7768.1952,1217.35,1216.62,5725.8258,1216.62,1214.95,6919.2938,1214.95,1216.78,9916.8659,1216.77,1219.0,14366.9228,1219.0,1216.51,7288.0316,1216.52,1217.08,5356.3496,1217.09,1218.03,3683.9939,1218.04,1218.87,2832.7757,1218.88,1218.4,3148.2116,1218.39,1219.79,6210.7274,1219.79,1215.11,12767.6245,1215.1,1214.0,10130.3211,1213.99,1215.55,5917.0908,1215.55,1214.14,7526.1063
1672707600000,2023-01-03 01:00:00,1215.55,1215.79,1211.5,1214.14,7526.1063,1217.18,1217.75,33278.1366,1217.74,1217.35,7768.1952,1217.35,1216.62,5725.8258,1216.62,1214.95,6919.2938,1214.95,1216.78,9916.8659,1216.77,1219.0,14366.9228,1219.0,1216.51,7288.0316,1216.52,1217.08,5356.3496,1217.09,1218.03,3683.9939,1218.04,1218.87,2832.7757,1218.88,1218.4,3148.2116,1218.39,1219.79,6210.7274,1219.79,1215.11,12767.6245,1215.1,1214.0,10130.3211,1213.99,1215.55,5917.0908
1672704000000,2023-01-03 00:00:00,1213.99,1216.81,1213.0,1215.55,5917.0908,1215.93,1217.18,13720.0055,1217.18,1217.75,33278.1366,1217.74,1217.35,7768.1952,1217.35,1216.62,5725.8258,1216.62,1214.95,6919.2938,1214.95,1216.78,9916.8659,1216.77,1219.0,14366.9228,1219.0,1216.51,7288.0316,1216.52,1217.08,5356.3496,1217.09,1218.03,3683.9939,1218.04,1218.87,2832.7757,1218.88,1218.4,3148.2116,1218.39,1219.79,6210.7274,1219.79,1215.11,12767.6245,1215.1,1214.0,10130.3211
1672700400000,2023-01-02 23:00:00,1215.1,1217.11,1212.82,1214.0,10130.3211,1213.08,1215.94,11518.089,1215.93,1217.18,13720.0055,1217.18,1217.75,33278.1366,1217.74,1217.35,7768.1952,1217.35,1216.62,5725.8258,1216.62,1214.95,6919.2938,1214.95,1216.78,9916.8659,1216.77,1219.0,14366.9228,1219.0,1216.51,7288.0316,1216.52,1217.08,5356.3496,1217.09,1218.03,3683.9939,1218.04,1218.87,2832.7757,1218.88,1218.4,3148.2116,1218.39,1219.79,6210.7274,1219.79,1215.11,12767.6245
1672696800000,2023-01-02 22:00:00,1219.79,1220.31,1211.22,1215.11,12767.6245,1201.58,1213.09,49691.1187,1213.08,1215.94,11518.089,1215.93,1217.18,13720.0055,1217.18,1217.75,33278.1366,1217.74,1217.35,7768.1952,1217.35,1216.62,5725.8258,1216.62,1214.95,6919.2938,1214.95,1216.78,9916.8659,1216.77,1219.0,14366.9228,1219.0,1216.51,7288.0316,1216.52,1217.08,5356.3496,1217.09,1218.03,3683.9939,1218.04,1218.87,2832.7757,1218.88,1218.4,3148.2116,1218.39,1219.79,6210.7274
1672693200000,2023-01-02 21:00:00,1218.39,1223.85,1218.09,1219.79,6210.7274,1202.36,1201.58,5203.7224,1201.58,1213.09,49691.1187,1213.08,1215.94,11518.089,1215.93,1217.18,13720.0055,1217.18,1217.75,33278.1366,1217.74,1217.35,7768.1952,1217.35,1216.62,5725.8258,1216.62,1214.95,6919.2938,1214.95,1216.78,9916.8659,1216.77,1219.0,14366.9228,1219.0,1216.51,7288.0316,1216.52,1217.08,5356.3496,1217.09,1218.03,3683.9939,1218.04,1218.87,2832.7757,1218.88,1218.4,3148.2116
1672689600000,2023-01-02 20:00:00,1218.88,1218.88,1216.61,1218.4,3148.2116,1201.85,1202.35,4675.795,1202.36,1201.58,5203.7224,1201.58,1213.09,49691.1187,1213.08,1215.94,11518.089,1215.93,1217.18,13720.0055,1217.18,1217.75,33278.1366,1217.74,1217.35,7768.1952,1217.35,1216.62,5725.8258,1216.62,1214.95,6919.2938,1214.95,1216.78,9916.8659,1216.77,1219.0,14366.9228,1219.0,1216.51,7288.0316,1216.52,1217.08,5356.3496,1217.09,1218.03,3683.9939,1218.04,1218.87,2832.7757
1672686000000,2023-01-02 19:00:00,1218.04,1219.3,1217.38,1218.87,2832.7757,1201.94,1201.85,6437.8861,1201.85,1202.35,4675.795,1202.36,1201.58,5203.7224,1201.58,1213.09,49691.1187,1213.08,1215.94,11518.089,1215.93,1217.18,13720.0055,1217.18,1217.75,33278.1366,1217.74,1217.35,7768.1952,1217.35,1216.62,5725.8258,1216.62,1214.95,6919.2938,1214.95,1216.78,9916.8659,1216.77,1219.0,14366.9228,1219.0,1216.51,7288.0316,1216.52,1217.08,5356.3496,1217.09,1218.03,3683.9939
1672682400000,2023-01-02 18:00:00,1217.09,1219.35,1216.66,1218.03,3683.9939,1196.79,1201.94,8910.252,1201.94,1201.85,6437.8861,1201.85,1202.35,4675.795,1202.36,1201.58,5203.7224,1201.58,1213.09,49691.1187,1213.08,1215.94,11518.089,1215.93,1217.18,13720.0055,1217.18,1217.75,33278.1366,1217.74,1217.35,7768.1952,1217.35,1216.62,5725.8258,1216.62,1214.95,6919.2938,1214.95,1216.78,9916.8659,1216.77,1219.0,14366.9228,1219.0,1216.51,7288.0316,1216.52,1217.08,5356.3496
1672678800000,2023-01-02 17:00:00,1216.52,1217.37,1215.74,1217.08,5356.3496,1195.15,1196.79,3160.0153,1196.79,1201.94,8910.252,1201.94,1201.85,6437.8861,1201.85,1202.35,4675.795,1202.36,1201.58,5203.7224,1201.58,1213.09,49691.1187,1213.08,1215.94,11518.089,1215.93,1217.18,13720.0055,1217.18,1217.75,33278.1366,1217.74,1217.35,7768.1952,1217.35,1216.62,5725.8258,1216.62,1214.95,6919.2938,1214.95,1216.78,9916.8659,1216.77,1219.0,14366.9228,1219.0,1216.51,7288.0316
1672675200000,2023-01-02 16:00:00,1219.0,1220.29,1216.26,1216.51,7288.0316,1198.16,1195.16,13822.8726,1195.15,1196.79,3160.0153,1196.79,1201.94,8910.252,1201.94,1201.85,6437.8861,1201.85,1202.35,4675.795,1202.36,1201.58,5203.7224,1201.58,1213.09,49691.1187,1213.08,1215.94,11518.089,1215.93,1217.18,13720.0055,1217.18,1217.75,33278.1366,1217.74,1217.35,7768.1952,1217.35,1216.62,5725.8258,1216.62,1214.95,6919.2938,1214.95,1216.78,9916.8659,1216.77,1219.0,14366.9228
1672671600000,2023-01-02 15:00:00,1216.77,1220.98,1215.45,1219.0,14366.9228,1200.33,1198.16,6261.1079,1198.16,1195.16,13822.8726,1195.15,1196.79,3160.0153,1196.79,1201.94,8910.252,1201.94,1201.85,6437.8861,1201.85,1202.35,4675.795,1202.36,1201.58,5203.7224,1201.58,1213.09,49691.1187,1213.08,1215.94,11518.089,1215.93,1217.18,13720.0055,1217.18,1217.75,33278.1366,1217.74,1217.35,7768.1952,1217.35,1216.62,5725.8258,1216.62,1214.95,6919.2938,1214.95,1216.78,9916.8659
1672668000000,2023-01-02 14:00:00,1214.95,1218.39,1214.92,1216.78,9916.8659,1201.04,1200.34,10448.589,1200.33,1198.16,6261.1079,1198.16,1195.16,13822.8726,1195.15,1196.79,3160.0153,1196.79,1201.94,8910.252,1201.94,1201.85,6437.8861,1201.85,1202.35,4675.795,1202.36,1201.58,5203.7224,1201.58,1213.09,49691.1187,1213.08,1215.94,11518.089,1215.93,1217.18,13720.0055,1217.18,1217.75,33278.1366,1217.74,1217.35,7768.1952,1217.35,1216.62,5725.8258,1216.62,1214.95,6919.2938
1672664400000,2023-01-02 13:00:00,1216.62,1217.01,1214.04,1214.95,6919.2938,1202.85,1201.03,3264.0509,1201.04,1200.34,10448.589,1200.33,1198.16,6261.1079,1198.16,1195.16,13822.8726,1195.15,1196.79,3160.0153,1196.79,1201.94,8910.252,1201.94,1201.85,6437.8861,1201.85,1202.35,4675.795,1202.36,1201.58,5203.7224,1201.58,1213.09,49691.1187,1213.08,1215.94,11518.089,1215.93,1217.18,13720.0055,1217.18,1217.75,33278.1366,1217.74,1217.35,7768.1952,1217.35,1216.62,5725.8258
1672660800000,2023-01-02 12:00:00,1217.35,1218.67,1216.61,1216.62,5725.8258,1201.4,1202.85,3422.5871,1202.85,1201.03,3264.0509,1201.04,1200.34,10448.589,1200.33,1198.16,6261.1079,1198.16,1195.16,13822.8726,1195.15,1196.79,3160.0153,1196.79,1201.94,8910.252,1201.94,1201.85,6437.8861,1201.85,1202.35,4675.795,1202.36,1201.58,5203.7224,1201.58,1213.09,49691.1187,1213.08,1215.94,11518.089,1215.93,1217.18,13720.0055,1217.18,1217.75,33278.1366,1217.74,1217.35,7768.1952
1672657200000,2023-01-02 11:00:00,1217.74,1217.88,1214.29,1217.35,7768.1952,1201.77,1201.4,4423.7644,1201.4,1202.85,3422.5871,1202.85,1201.03,3264.0509,1201.04,1200.34,10448.589,1200.33,1198.16,6261.1079,1198.16,1195.16,13822.8726,1195.15,1196.79,3160.0153,1196.79,1201.94,8910.252,1201.94,1201.85,6437.8861,1201.85,1202.35,4675.795,1202.36,1201.58,5203.7224,1201.58,1213.09,49691.1187,1213.08,1215.94,11518.089,1215.93,1217.18,13720.0055,1217.18,1217.75,33278.1366
1672653600000,2023-01-02 10:00:00,1217.18,1224.29,1216.61,1217.75,33278.1366,1200.93,1201.78,6650.6305,1201.77,1201.4,4423.7644,1201.4,1202.85,3422.5871,1202.85,1201.03,3264.0509,1201.04,1200.34,10448.589,1200.33,1198.16,6261.1079,1198.16,1195.16,13822.8726,1195.15,1196.79,3160.0153,1196.79,1201.94,8910.252,1201.94,1201.85,6437.8861,1201.85,1202.35,4675.795,1202.36,1201.58,5203.7224,1201.58,1213.09,49691.1187,1213.08,1215.94,11518.089,1215.93,1217.18,13720.0055
1672650000000,2023-01-02 09:00:00,1215.93,1219.32,1215.74,1217.18,13720.0055,1200.67,1200.92,5269.1583,1200.93,1201.78,6650.6305,1201.77,1201.4,4423.7644,1201.4,1202.85,3422.5871,1202.85,1201.03,3264.0509,1201.04,1200.34,10448.589,1200.33,1198.16,6261.1079,1198.16,1195.16,13822.8726,1195.15,1196.79,3160.0153,1196.79,1201.94,8910.252,1201.94,1201.85,6437.8861,1201.85,1202.35,4675.795,1202.36,1201.58,5203.7224,1201.58,1213.09,49691.1187,1213.08,1215.94,11518.089
1672646400000,2023-01-02 08:00:00,1213.08,1217.27,1212.74,1215.94,11518.089,1197.35,1200.68,10429.0438,1200.67,1200.92,5269.1583,1200.93,1201.78,6650.6305,1201.77,1201.4,4423.7644,1201.4,1202.85,3422.5871,1202.85,1201.03,3264.0509,1201.04,1200.34,10448.589,1200.33,1198.16,6261.1079,1198.16,1195.16,13822.8726,1195.15,1196.79,3160.0153,1196.79,1201.94,8910.252,1201.94,1201.85,6437.8861,1201.85,1202.35,4675.795,1202.36,1201.58,5203.7224,1201.58,1213.09,49691.1187
1672642800000,2023-01-02 07:00:00,1201.58,1220.0,1201.39,1213.09,49691.1187,1196.81,1197.34,8667.6825,1197.35,1200.68,10429.0438,1200.67,1200.92,5269.1583,1200.93,1201.78,6650.6305,1201.77,1201.4,4423.7644,1201.4,1202.85,3422.5871,1202.85,1201.03,3264.0509,1201.04,1200.34,10448.589,1200.33,1198.16,6261.1079,1198.16,1195.16,13822.8726,1195.15,1196.79,3160.0153,1196.79,1201.94,8910.252,1201.94,1201.85,6437.8861,1201.85,1202.35,4675.795,1202.36,1201.58,5203.7224
1672639200000,2023-01-02 06:00:00,1202.36,1204.19,1200.55,1201.58,5203.7224,1194.5,1196.81,2771.4134,1196.81,1197.34,8667.6825,1197.35,1200.68,10429.0438,1200.67,1200.92,5269.1583,1200.93,1201.78,6650.6305,1201.77,1201.4,4423.7644,1201.4,1202.85,3422.5871,1202.85,1201.03,3264.0509,1201.04,1200.34,10448.589,1200.33,1198.16,6261.1079,1198.16,1195.16,13822.8726,1195.15,1196.79,3160.0153,1196.79,1201.94,8910.252,1201.94,1201.85,6437.8861,1201.85,1202.35,4675.795
1672635600000,2023-01-02 05:00:00,1201.85,1202.99,1200.15,1202.35,4675.795,1195.26,1194.5,3496.2584,1194.5,1196.81,2771.4134,1196.81,1197.34,8667.6825,1197.35,1200.68,10429.0438,1200.67,1200.92,5269.1583,1200.93,1201.78,6650.6305,1201.77,1201.4,4423.7644,1201.4,1202.85,3422.5871,1202.85,1201.03,3264.0509,1201.04,1200.34,10448.589,1200.33,1198.16,6261.1079,1198.16,1195.16,13822.8726,1195.15,1196.79,3160.0153,1196.79,1201.94,8910.252,1201.94,1201.85,6437.8861
1672632000000,2023-01-02 04:00:00,1201.94,1202.95,1199.87,1201.85,6437.8861,1197.16,1195.26,4804.449,1195.26,1194.5,3496.2584,1194.5,1196.81,2771.4134,1196.81,1197.34,8667.6825,1197.35,1200.68,10429.0438,1200.67,1200.92,5269.1583,1200.93,1201.78,6650.6305,1201.77,1201.4,4423.7644,1201.4,1202.85,3422.5871,1202.85,1201.03,3264.0509,1201.04,1200.34,10448.589,1200.33,1198.16,6261.1079,1198.16,1195.16,13822.8726,1195.15,1196.79,3160.0153,1196.79,1201.94,8910.252
1672628400000,2023-01-02 03:00:00,1196.79,1203.53,1196.56,1201.94,8910.252,1196.35,1197.17,4418.7365,1197.16,1195.26,4804.449,1195.26,1194.5,3496.2584,1194.5,1196.81,2771.4134,1196.81,1197.34,8667.6825,1197.35,1200.68,10429.0438,1200.67,1200.92,5269.1583,1200.93,1201.78,6650.6305,1201.77,1201.4,4423.7644,1201.4,1202.85,3422.5871,1202.85,1201.03,3264.0509,1201.04,1200.34,10448.589,1200.33,1198.16,6261.1079,1198.16,1195.16,13822.8726,1195.15,1196.79,3160.0153
1672624800000,2023-01-02 02:00:00,1195.15,1197.24,1194.46,1196.79,3160.0153,1197.14,1196.34,2854.0542,1196.35,1197.17,4418.7365,1197.16,1195.26,4804.449,1195.26,1194.5,3496.2584,1194.5,1196.81,2771.4134,1196.81,1197.34,8667.6825,1197.35,1200.68,10429.0438,1200.67,1200.92,5269.1583,1200.93,1201.78,6650.6305,1201.77,1201.4,4423.7644,1201.4,1202.85,3422.5871,1202.85,1201.03,3264.0509,1201.04,1200.34,10448.589,1200.33,1198.16,6261.1079,1198.16,1195.16,13822.8726
1672621200000,2023-01-02 01:00:00,1198.16,1198.31,1193.0,1195.16,13822.8726,1196.47,1197.14,2006.5809,1197.14,1196.34,2854.0542,1196.35,1197.17,4418.7365,1197.16,1195.26,4804.449,1195.26,1194.5,3496.2584,1194.5,1196.81,2771.4134,1196.81,1197.34,8667.6825,1197.35,1200.68,10429.0438,1200.67,1200.92,5269.1583,1200.93,1201.78,6650.6305,1201.77,1201.4,4423.7644,1201.4,1202.85,3422.5871,1202.85,1201.03,3264.0509,1201.04,1200.34,10448.589,1200.33,1198.16,6261.1079
1672617600000,2023-01-02 00:00:00,1200.33,1201.04,1197.5,1198.16,6261.1079,1194.27,1196.48,2763.9478,1196.47,1197.14,2006.5809,1197.14,1196.34,2854.0542,1196.35,1197.17,4418.7365,1197.16,1195.26,4804.449,1195.26,1194.5,3496.2584,1194.5,1196.81,2771.4134,1196.81,1197.34,8667.6825,1197.35,1200.68,10429.0438,1200.67,1200.92,5269.1583,1200.93,1201.78,6650.6305,1201.77,1201.4,4423.7644,1201.4,1202.85,3422.5871,1202.85,1201.03,3264.0509,1201.04,1200.34,10448.589
1672614000000,2023-01-01 23:00:00,1201.04,1202.49,1199.36,1200.34,10448.589,1195.07,1194.28,3124.6022,1194.27,1196.48,2763.9478,1196.47,1197.14,2006.5809,1197.14,1196.34,2854.0542,1196.35,1197.17,4418.7365,1197.16,1195.26,4804.449,1195.26,1194.5,3496.2584,1194.5,1196.81,2771.4134,1196.81,1197.34,8667.6825,1197.35,1200.68,10429.0438,1200.67,1200.92,5269.1583,1200.93,1201.78,6650.6305,1201.77,1201.4,4423.7644,1201.4,1202.85,3422.5871,1202.85,1201.03,3264.0509
1672610400000,2023-01-01 22:00:00,1202.85,1203.08,1200.45,1201.03,3264.0509,1194.81,1195.06,5826.7698,1195.07,1194.28,3124.6022,1194.27,1196.48,2763.9478,1196.47,1197.14,2006.5809,1197.14,1196.34,2854.0542,1196.35,1197.17,4418.7365,1197.16,1195.26,4804.449,1195.26,1194.5,3496.2584,1194.5,1196.81,2771.4134,1196.81,1197.34,8667.6825,1197.35,1200.68,10429.0438,1200.67,1200.92,5269.1583,1200.93,1201.78,6650.6305,1201.77,1201.4,4423.7644,1201.4,1202.85,3422.5871
1672606800000,2023-01-01 21:00:00,1201.4,1203.08,1200.65,1202.85,3422.5871,1194.55,1194.81,4102.0957,1194.81,1195.06,5826.7698,1195.07,1194.28,3124.6022,1194.27,1196.48,2763.9478,1196.47,1197.14,2006.5809,1197.14,1196.34,2854.0542,1196.35,1197.17,4418.7365,1197.16,1195.26,4804.449,1195.26,1194.5,3496.2584,1194.5,1196.81,2771.4134,1196.81,1197.34,8667.6825,1197.35,1200.68,10429.0438,1200.67,1200.92,5269.1583,1200.93,1201.78,6650.6305,1201.77,1201.4,4423.7644
1672603200000,2023-01-01 20:00:00,1201.77,1204.67,1201.39,1201.4,4423.7644,1192.92,1194.54,2316.3448,1194.55,1194.81,4102.0957,1194.81,1195.06,5826.7698,1195.07,1194.28,3124.6022,1194.27,1196.48,2763.9478,1196.47,1197.14,2006.5809,1197.14,1196.34,2854.0542,1196.35,1197.17,4418.7365,1197.16,1195.26,4804.449,1195.26,1194.5,3496.2584,1194.5,1196.81,2771.4134,1196.81,1197.34,8667.6825,1197.35,1200.68,10429.0438,1200.67,1200.92,5269.1583,1200.93,1201.78,6650.6305
1672599600000,2023-01-01 19:00:00,1200.93,1204.51,1200.92,1201.78,6650.6305,1194.05,1192.92,6409.2491,1192.92,1194.54,2316.3448,1194.55,1194.81,4102.0957,1194.81,1195.06,5826.7698,1195.07,1194.28,3124.6022,1194.27,1196.48,2763.9478,1196.47,1197.14,2006.5809,1197.14,1196.34,2854.0542,1196.35,1197.17,4418.7365,1197.16,1195.26,4804.449,1195.26,1194.5,3496.2584,1194.5,1196.81,2771.4134,1196.81,1197.34,8667.6825,1197.35,1200.68,10429.0438,1200.67,1200.92,5269.1583
1672596000000,2023-01-01 18:00:00,1200.67,1202.91,1200.67,1200.92,5269.1583,1195.41,1194.04,7493.4207,1194.05,1192.92,6409.2491,1192.92,1194.54,2316.3448,1194.55,1194.81,4102.0957,1194.81,1195.06,5826.7698,1195.07,1194.28,3124.6022,1194.27,1196.48,2763.9478,1196.47,1197.14,2006.5809,1197.14,1196.34,2854.0542,1196.35,1197.17,4418.7365,1197.16,1195.26,4804.449,1195.26,1194.5,3496.2584,1194.5,1196.81,2771.4134,1196.81,1197.34,8667.6825,1197.35,1200.68,10429.0438
1672592400000,2023-01-01 17:00:00,1197.35,1203.5,1197.34,1200.68,10429.0438,1196.01,1195.4,3752.0476,1195.41,1194.04,7493.4207,1194.05,1192.92,6409.2491,1192.92,1194.54,2316.3448,1194.55,1194.81,4102.0957,1194.81,1195.06,5826.7698,1195.07,1194.28,3124.6022,1194.27,1196.48,2763.9478,1196.47,1197.14,2006.5809,1197.14,1196.34,2854.0542,1196.35,1197.17,4418.7365,1197.16,1195.26,4804.449,1195.26,1194.5,3496.2584,1194.5,1196.81,2771.4134,1196.81,1197.34,8667.6825
1672588800000,2023-01-01 16:00:00,1196.81,1198.35,1195.88,1197.34,8667.6825,1194.09,1196.02,3157.2079,1196.01,1195.4,3752.0476,1195.41,1194.04,7493.4207,1194.05,1192.92,6409.2491,1192.92,1194.54,2316.3448,1194.55,1194.81,4102.0957,1194.81,1195.06,5826.7698,1195.07,1194.28,3124.6022,1194.27,1196.48,2763.9478,1196.47,1197.14,2006.5809,1197.14,1196.34,2854.0542,1196.35,1197.17,4418.7365,1197.16,1195.26,4804.449,1195.26,1194.5,3496.2584,1194.5,1196.81,2771.4134
